version,2.1.0
info,balls_per_over,6
info,team,Kenya
info,team,Sri Lanka
info,gender,male
info,season,2007/08
info,date,2007/09/14
info,event,ICC World Twenty20
info,match_number,8
info,venue,New Wanderers Stadium
info,city,Johannesburg
info,toss_winner,Kenya
info,toss_decision,field
info,player_of_match,ST Jayasuriya
info,umpire,DJ Harper
info,umpire,NJ Llong
info,reserve_umpire,KH Hurter
info,tv_umpire,MR Benson
info,match_referee,BC Broad
info,winner,Sri Lanka
info,winner_runs,172
info,player,Kenya,MA Ouma
info,player,Kenya,DO Obuya
info,player,Kenya,NN Odhiambo
info,player,Kenya,T Mishra
info,player,Kenya,SO Tikolo
info,player,Kenya,CO Obuya
info,player,Kenya,AA Obanda
info,player,Kenya,JK Kamande
info,player,Kenya,LN Onyango
info,player,Kenya,PJ Ongondo
info,player,Kenya,TM Odoyo
info,player,Sri Lanka,WU Tharanga
info,player,Sri Lanka,ST Jayasuriya
info,player,Sri Lanka,KC Sangakkara
info,player,Sri Lanka,DPMD Jayawardene
info,player,Sri Lanka,LPC Silva
info,player,Sri Lanka,TM Dilshan
info,player,Sri Lanka,J Mubarak
info,player,Sri Lanka,G Wijekoon
info,player,Sri Lanka,CRD Fernando
info,player,Sri Lanka,SL Malinga
info,player,Sri Lanka,WPUJC Vaas
info,registry,people,AA Obanda,7081491e
info,registry,people,AO Suji,b15eaf77
info,registry,people,BC Broad,d6a7dd38
info,registry,people,CO Obuya,5680f1ad
info,registry,people,CRD Fernando,342d8ade
info,registry,people,DJ Harper,0ec08b27
info,registry,people,DO Obuya,6ed3d5ac
info,registry,people,DPMD Jayawardene,d18f9182
info,registry,people,G Wijekoon,1fbef290
info,registry,people,J Mubarak,a9520ac2
info,registry,people,JK Kamande,270b3f8e
info,registry,people,KC Sangakkara,6b71e6cf
info,registry,people,KH Hurter,bda8cca8
info,registry,people,LN Onyango,68c3f79d
info,registry,people,LPC Silva,1be70c88
info,registry,people,MA Ouma,0939c670
info,registry,people,MR Benson,790e14d3
info,registry,people,NJ Llong,573fb985
info,registry,people,NN Odhiambo,753b5a2d
info,registry,people,PJ Ongondo,27cc4361
info,registry,people,SL Malinga,a12e1d51
info,registry,people,SO Tikolo,00d69fa4
info,registry,people,ST Jayasuriya,f233bbb4
info,registry,people,T Mishra,c9cac448
info,registry,people,TM Dilshan,5bdcdb72
info,registry,people,TM Odoyo,2c13defe
info,registry,people,WPUJC Vaas,bcce309e
info,registry,people,WU Tharanga,7ed9fd56
