version,2.1.0
info,balls_per_over,6
info,team,Pakistan
info,team,Scotland
info,gender,male
info,season,2007/08
info,date,2007/09/12
info,event,ICC World Twenty20
info,match_number,3
info,venue,Kingsmead
info,city,Durban
info,toss_winner,Scotland
info,toss_decision,field
info,player_of_match,Shahid Afridi
info,umpire,SJ Davis
info,umpire,SJA Taufel
info,reserve_umpire,BG Jerling
info,tv_umpire,BR Doctrove
info,match_referee,MJ Procter
info,winner,Pakistan
info,winner_runs,51
info,player,Pakistan,Salman Butt
info,player,Pakistan,Imran Nazir
info,player,Pakistan,Mohammad Hafeez
info,player,Pakistan,Younis Khan
info,player,Pakistan,Shoaib Malik
info,player,Pakistan,Shahid Afridi
info,player,Pakistan,Misbah-ul-Haq
info,player,Pakistan,Kamran Akmal
info,player,Pakistan,Yasir Arafat
info,player,Pakistan,Umar Gul
info,player,Pakistan,Mohammad Asif
info,player,Scotland,DF Watts
info,player,Scotland,RR Watson
info,player,Scotland,NS Poonia
info,player,Scotland,GM Hamilton
info,player,Scotland,NFI McCallum
info,player,Scotland,DR Brown
info,player,Scotland,CJO Smith
info,player,Scotland,RM Haq
info,player,Scotland,CM Wright
info,player,Scotland,JAR Blain
info,player,Scotland,JD Nel
info,registry,people,BG Jerling,26457e41
info,registry,people,BR Doctrove,cbebf805
info,registry,people,CJO Smith,c46e9e56
info,registry,people,CM Wright,008589a4
info,registry,people,DF Watts,ad733e72
info,registry,people,DR Brown,7c70083d
info,registry,people,GM Hamilton,8187519b
info,registry,people,Imran Nazir,3eb7c45d
info,registry,people,JAR Blain,e662b18f
info,registry,people,JD Nel,7c7303eb
info,registry,people,Kamran Akmal,ff077124
info,registry,people,MJ Procter,32e65048
info,registry,people,Misbah-ul-Haq,7eae4418
info,registry,people,Mohammad Asif,e03b66ec
info,registry,people,Mohammad Hafeez,9ab63e7b
info,registry,people,NFI McCallum,ef5cbaf6
info,registry,people,NS Poonia,e343abe9
info,registry,people,RM Haq,27159c6a
info,registry,people,RR Watson,a670d624
info,registry,people,SJ Davis,bc71b0b2
info,registry,people,SJA Taufel,4b43d5ac
info,registry,people,Salman Butt,4d6d6280
info,registry,people,Shahid Afridi,0dc00542
info,registry,people,Shoaib Malik,64c34cd0
info,registry,people,Umar Gul,16dfcc19
info,registry,people,Yasir Arafat,3cf5ae43
info,registry,people,Younis Khan,33cb3411
