version,2.1.0
info,balls_per_over,6
info,team,India
info,team,Pakistan
info,gender,male
info,season,2007/08
info,date,2007/09/24
info,event,ICC World Twenty20
info,venue,New Wanderers Stadium
info,city,Johannesburg
info,toss_winner,India
info,toss_decision,bat
info,player_of_match,IK Pathan
info,umpire,MR Benson
info,umpire,SJA Taufel
info,reserve_umpire,BR Doctrove
info,tv_umpire,DJ Harper
info,match_referee,RS Madugalle
info,winner,India
info,winner_runs,5
info,player,India,G Gambhir
info,player,India,YK Pathan
info,player,India,RV Uthappa
info,player,India,Yuvraj Singh
info,player,India,MS Dhoni
info,player,India,RG Sharma
info,player,India,IK Pathan
info,player,India,Harbhajan Singh
info,player,India,Joginder Sharma
info,player,India,S Sreesanth
info,player,India,RP Singh
info,player,Pakistan,Mohammad Hafeez
info,player,Pakistan,Imran Nazir
info,player,Pakistan,Kamran Akmal
info,player,Pakistan,Younis Khan
info,player,Pakistan,Shoaib Malik
info,player,Pakistan,Misbah-ul-Haq
info,player,Pakistan,Shahid Afridi
info,player,Pakistan,Yasir Arafat
info,player,Pakistan,Sohail Tanvir
info,player,Pakistan,Umar Gul
info,player,Pakistan,Mohammad Asif
info,registry,people,BR Doctrove,cbebf805
info,registry,people,DJ Harper,0ec08b27
info,registry,people,G Gambhir,bb345e0b
info,registry,people,Harbhajan Singh,8b5b6769
info,registry,people,IK Pathan,5fa06777
info,registry,people,Imran Nazir,3eb7c45d
info,registry,people,Joginder Sharma,9f961c14
info,registry,people,Kamran Akmal,ff077124
info,registry,people,MR Benson,790e14d3
info,registry,people,MS Dhoni,4a8a2e3b
info,registry,people,Misbah-ul-Haq,7eae4418
info,registry,people,Mohammad Asif,e03b66ec
info,registry,people,Mohammad Hafeez,9ab63e7b
info,registry,people,RG Sharma,740742ef
info,registry,people,RP Singh,c3d1402f
info,registry,people,RS Madugalle,766b5798
info,registry,people,RV Uthappa,1c17e270
info,registry,people,S Sreesanth,6b8eb6e5
info,registry,people,SJA Taufel,4b43d5ac
info,registry,people,Shahid Afridi,0dc00542
info,registry,people,Shoaib Malik,64c34cd0
info,registry,people,Sohail Tanvir,64d43928
info,registry,people,Umar Gul,16dfcc19
info,registry,people,YK Pathan,3c6ffae8
info,registry,people,Yasir Arafat,3cf5ae43
info,registry,people,Younis Khan,33cb3411
info,registry,people,Yuvraj Singh,1c914163
