version,2.1.0
info,balls_per_over,6
info,team,Australia
info,team,Bangladesh
info,gender,male
info,season,2007/08
info,date,2007/09/16
info,event,ICC World Twenty20
info,match_number,14
info,venue,Newlands
info,city,Cape Town
info,toss_winner,Australia
info,toss_decision,field
info,player_of_match,B Lee
info,umpire,Asad Rauf
info,umpire,IL Howell
info,reserve_umpire,M Erasmus
info,tv_umpire,AL Hill
info,match_referee,RS Madugalle
info,winner,Australia
info,winner_wickets,9
info,player,Australia,AC Gilchrist
info,player,Australia,ML Hayden
info,player,Australia,RT Ponting
info,player,Australia,A Symonds
info,player,Australia,MEK Hussey
info,player,Australia,BJ Hodge
info,player,Australia,MJ Clarke
info,player,Australia,B Lee
info,player,Australia,MG Johnson
info,player,Australia,NW Bracken
info,player,Australia,SR Clark
info,player,Bangladesh,Tamim Iqbal
info,player,Bangladesh,Nazimuddin
info,player,Bangladesh,Aftab Ahmed
info,player,Bangladesh,Mohammad Ashraful
info,player,Bangladesh,Shakib Al Hasan
info,player,Bangladesh,Mashrafe Mortaza
info,player,Bangladesh,Alok Kapali
info,player,Bangladesh,Farhad Reza
info,player,Bangladesh,Mushfiqur Rahim
info,player,Bangladesh,Abdur Razzak
info,player,Bangladesh,Syed Rasel
info,registry,people,A Symonds,bd77eb62
info,registry,people,AC Gilchrist,2b6e6dec
info,registry,people,AL Hill,4165ced0
info,registry,people,Abdur Razzak,888e32bf
info,registry,people,Aftab Ahmed,53bc7b84
info,registry,people,Alok Kapali,54279e23
info,registry,people,Asad Rauf,861606b7
info,registry,people,B Lee,dd09ff8e
info,registry,people,BJ Hodge,b57f8a9a
info,registry,people,Farhad Reza,4948a447
info,registry,people,IL Howell,c1cd91c3
info,registry,people,M Erasmus,15d3c895
info,registry,people,MEK Hussey,48fd7349
info,registry,people,MG Johnson,f5180fe6
info,registry,people,MJ Clarke,f842c2cf
info,registry,people,ML Hayden,d8699ab7
info,registry,people,Mashrafe Mortaza,e186f49c
info,registry,people,Mohammad Ashraful,2bb09eb2
info,registry,people,Mushfiqur Rahim,a94e08ea
info,registry,people,NW Bracken,4c61a0f9
info,registry,people,Nazimuddin,4aef496b
info,registry,people,RS Madugalle,766b5798
info,registry,people,RT Ponting,7d415ea5
info,registry,people,SR Clark,a3bfec5d
info,registry,people,Shakib Al Hasan,7dc35884
info,registry,people,Syed Rasel,b743f01b
info,registry,people,Tamim Iqbal,3b041a12
