version,2.1.0
info,balls_per_over,6
info,team,India
info,team,Australia
info,gender,male
info,season,2007/08
info,date,2007/10/20
info,venue,Brabourne Stadium
info,city,Mumbai
info,toss_winner,Australia
info,toss_decision,bat
info,player_of_match,G Gambhir
info,umpire,AM Saheba
info,umpire,SL Shastri
info,reserve_umpire,P Bhanu Prakash
info,tv_umpire,GA Pratapkumar
info,match_referee,BC Broad
info,winner,India
info,winner_wickets,7
info,player,Australia,AC Gilchrist
info,player,Australia,ML Hayden
info,player,Australia,RT Ponting
info,player,Australia,A Symonds
info,player,Australia,BJ Hodge
info,player,Australia,MJ Clarke
info,player,Australia,BJ Haddin
info,player,Australia,B Lee
info,player,Australia,BW Hilfenhaus
info,player,Australia,NW Bracken
info,player,Australia,SR Clark
info,player,India,G Gambhir
info,player,India,V Sehwag
info,player,India,RV Uthappa
info,player,India,Yuvraj Singh
info,player,India,MS Dhoni
info,player,India,RG Sharma
info,player,India,IK Pathan
info,player,India,M Kartik
info,player,India,Harbhajan Singh
info,player,India,RP Singh
info,player,India,S Sreesanth
info,registry,people,A Symonds,bd77eb62
info,registry,people,AC Gilchrist,2b6e6dec
info,registry,people,AM Saheba,883e3818
info,registry,people,B Lee,dd09ff8e
info,registry,people,BC Broad,d6a7dd38
info,registry,people,BJ Haddin,b0c772ee
info,registry,people,BJ Hodge,b57f8a9a
info,registry,people,BW Hilfenhaus,f3171936
info,registry,people,G Gambhir,bb345e0b
info,registry,people,GA Pratapkumar,cf7c5778
info,registry,people,Harbhajan Singh,8b5b6769
info,registry,people,IK Pathan,5fa06777
info,registry,people,M Kartik,abfeb126
info,registry,people,MJ Clarke,f842c2cf
info,registry,people,ML Hayden,d8699ab7
info,registry,people,MS Dhoni,4a8a2e3b
info,registry,people,NW Bracken,4c61a0f9
info,registry,people,P Bhanu Prakash,2ecc57c2
info,registry,people,RG Sharma,740742ef
info,registry,people,RP Singh,c3d1402f
info,registry,people,RT Ponting,7d415ea5
info,registry,people,RV Uthappa,1c17e270
info,registry,people,S Sreesanth,6b8eb6e5
info,registry,people,SL Shastri,53ef012d
info,registry,people,SR Clark,a3bfec5d
info,registry,people,V Sehwag,8ba8195d
info,registry,people,Yuvraj Singh,1c914163
