version,2.1.0
info,balls_per_over,6
info,team,Ireland
info,team,Scotland
info,gender,male
info,season,2009/10
info,date,2010/02/11
info,event,ICC World Twenty20 Qualifier
info,match_number,12
info,venue,Dubai International Cricket Stadium
info,city,
info,toss_winner,Ireland
info,toss_decision,bat
info,player_of_match,DT Johnston
info,umpire,Aleem Dar
info,umpire,PK Baldwin
info,reserve_umpire,SR Modi
info,match_referee,DT Jukes
info,winner,Ireland
info,winner_runs,37
info,player,Ireland,WTS Porterfield
info,player,Ireland,NJ O'Brien
info,player,Ireland,AC Botha
info,player,Ireland,AR Cusack
info,player,Ireland,GC Wilson
info,player,Ireland,AR White
info,player,Ireland,JF Mooney
info,player,Ireland,KJ O'Brien
info,player,Ireland,DT Johnston
info,player,Ireland,GH Dockrell
info,player,Ireland,PC Connell
info,player,Scotland,DF Watts
info,player,Scotland,GM Hamilton
info,player,Scotland,RD Berrington
info,player,Scotland,KJ Coetzer
info,player,Scotland,NFI McCallum
info,player,Scotland,JH Stander
info,player,Scotland,GD Drummond
info,player,Scotland,SJS Smith
info,player,Scotland,RT Lyons
info,player,Scotland,RM Haq
info,player,Scotland,JD Nel
info,registry,people,AC Botha,d8e79af0
info,registry,people,AR Cusack,568e5a4a
info,registry,people,AR White,f27f89e8
info,registry,people,Aleem Dar,f02778d1
info,registry,people,DF Watts,ad733e72
info,registry,people,DT Johnston,e01895bb
info,registry,people,DT Jukes,7c215d14
info,registry,people,GC Wilson,05de1a5a
info,registry,people,GD Drummond,5b8fffb4
info,registry,people,GH Dockrell,99cddc5e
info,registry,people,GM Hamilton,8187519b
info,registry,people,JD Nel,7c7303eb
info,registry,people,JF Mooney,aae9ce90
info,registry,people,JH Stander,4373c57e
info,registry,people,KJ Coetzer,85d8110a
info,registry,people,KJ O'Brien,243431b5
info,registry,people,NFI McCallum,ef5cbaf6
info,registry,people,NJ O'Brien,84826f48
info,registry,people,PC Connell,5500c675
info,registry,people,PK Baldwin,6bb53c12
info,registry,people,RD Berrington,e21bc7f3
info,registry,people,RM Haq,27159c6a
info,registry,people,RT Lyons,7d32d965
info,registry,people,SJS Smith,c5a864d7
info,registry,people,SR Modi,4a9a7712
info,registry,people,WTS Porterfield,ec02b798
