version,2.1.0
info,balls_per_over,6
info,team,Australia
info,team,India
info,gender,male
info,season,2011/12
info,date,2012/02/03
info,event,India in Australia T20I Series
info,match_number,2
info,venue,Melbourne Cricket Ground
info,city,
info,toss_winner,Australia
info,toss_decision,bat
info,player_of_match,RA Jadeja
info,umpire,SD Fry
info,umpire,BNJ Oxenford
info,reserve_umpire,GC Joshua
info,tv_umpire,PR Reiffel
info,match_referee,AJ Pycroft
info,winner,India
info,winner_wickets,8
info,player,Australia,DA Warner
info,player,Australia,AJ Finch
info,player,Australia,SE Marsh
info,player,Australia,DJ Hussey
info,player,Australia,GJ Bailey
info,player,Australia,MS Wade
info,player,Australia,MR Marsh
info,player,Australia,B Lee
info,player,Australia,CJ McKay
info,player,Australia,GB Hogg
info,player,Australia,XJ Doherty
info,player,India,G Gambhir
info,player,India,V Sehwag
info,player,India,V Kohli
info,player,India,MS Dhoni
info,player,India,SK Raina
info,player,India,RG Sharma
info,player,India,RA Jadeja
info,player,India,R Sharma
info,player,India,R Ashwin
info,player,India,R Vinay Kumar
info,player,India,P Kumar
info,registry,people,AJ Finch,b8d490fd
info,registry,people,AJ Pycroft,685d3f80
info,registry,people,B Lee,dd09ff8e
info,registry,people,BNJ Oxenford,c1add349
info,registry,people,CJ McKay,94eac556
info,registry,people,DA Warner,dcce6f09
info,registry,people,DJ Hussey,fd835ab3
info,registry,people,G Gambhir,bb345e0b
info,registry,people,GB Hogg,f708a0bc
info,registry,people,GC Joshua,4c47ebf2
info,registry,people,GJ Bailey,5056011d
info,registry,people,MR Marsh,3d8feaf8
info,registry,people,MS Dhoni,4a8a2e3b
info,registry,people,MS Wade,afa7e784
info,registry,people,P Kumar,e938e1bc
info,registry,people,PR Reiffel,c9354f29
info,registry,people,R Ashwin,495d42a5
info,registry,people,R Sharma,5d9a1a73
info,registry,people,R Vinay Kumar,41eb4a4f
info,registry,people,RA Jadeja,fe93fd9d
info,registry,people,RG Sharma,740742ef
info,registry,people,SD Fry,6b725ed1
info,registry,people,SE Marsh,508a1ea7
info,registry,people,SK Raina,1dc12ab9
info,registry,people,V Kohli,ba607b88
info,registry,people,V Sehwag,8ba8195d
info,registry,people,XJ Doherty,502b2c81
