version,2.1.0
info,balls_per_over,6
info,team,New Zealand
info,team,South Africa
info,gender,male
info,season,2011/12
info,date,2012/02/22
info,event,South Africa in New Zealand T20I Series
info,match_number,3
info,venue,Eden Park
info,city,Auckland
info,toss_winner,New Zealand
info,toss_decision,field
info,player_of_match,J Botha
info,umpire,GAV Baxter
info,umpire,CB Gaffaney
info,reserve_umpire,DJ Walker
info,tv_umpire,BG Frost
info,match_referee,RS Mahanama
info,winner,South Africa
info,winner_runs,3
info,player,New Zealand,RJ Nicol
info,player,New Zealand,MJ Guptill
info,player,New Zealand,JD Ryder
info,player,New Zealand,BB McCullum
info,player,New Zealand,KS Williamson
info,player,New Zealand,JEC Franklin
info,player,New Zealand,NL McCullum
info,player,New Zealand,DAJ Bracewell
info,player,New Zealand,TG Southee
info,player,New Zealand,MD Bates
info,player,New Zealand,RM Hira
info,player,South Africa,RE Levi
info,player,South Africa,HM Amla
info,player,South Africa,JA Morkel
info,player,South Africa,AB de Villiers
info,player,South Africa,JP Duminy
info,player,South Africa,JL Ontong
info,player,South Africa,J Botha
info,player,South Africa,WD Parnell
info,player,South Africa,RJ Peterson
info,player,South Africa,M de Lange
info,player,South Africa,M Morkel
info,registry,people,AB de Villiers,c4487b84
info,registry,people,BB McCullum,b8a55852
info,registry,people,BG Frost,fd8ffc13
info,registry,people,CB Gaffaney,d5ac41d8
info,registry,people,DAJ Bracewell,2e9fdf9b
info,registry,people,DJ Walker,d4aea8ac
info,registry,people,GAV Baxter,cb4b3ab0
info,registry,people,HM Amla,e798611a
info,registry,people,J Botha,7c503806
info,registry,people,JA Morkel,c3d35165
info,registry,people,JD Ryder,91ffa6c6
info,registry,people,JEC Franklin,cf73ad76
info,registry,people,JL Ontong,55f33b32
info,registry,people,JP Duminy,2e8994e7
info,registry,people,KS Williamson,d027ba9f
info,registry,people,M Morkel,5bb5a915
info,registry,people,M de Lange,d4eef961
info,registry,people,MD Bates,1b3acd33
info,registry,people,MJ Guptill,2be41edb
info,registry,people,NL McCullum,5673a3fc
info,registry,people,RE Levi,18c78b11
info,registry,people,RJ Nicol,8d8c24fd
info,registry,people,RJ Peterson,26ff4c29
info,registry,people,RM Hira,2e966563
info,registry,people,RS Mahanama,57910393
info,registry,people,TG Southee,13c35c9e
info,registry,people,WD Parnell,3a60e0b5
