version,2.1.0
info,balls_per_over,6
info,team,India
info,team,England
info,gender,male
info,season,2012/13
info,date,2012/12/22
info,event,England in India T20I Series
info,match_number,2
info,venue,Wankhede Stadium
info,city,Mumbai
info,toss_winner,England
info,toss_decision,field
info,player_of_match,EJG Morgan
info,umpire,VA Kulkarni
info,umpire,S Ravi
info,reserve_umpire,RM Deshpande
info,tv_umpire,S Asnani
info,match_referee,JJ Crowe
info,winner,England
info,winner_wickets,6
info,player,England,MJ Lumb
info,player,England,AD Hales
info,player,England,LJ Wright
info,player,England,EJG Morgan
info,player,England,SR Patel
info,player,England,JC Buttler
info,player,England,JE Root
info,player,England,TT Bresnan
info,player,England,JC Tredwell
info,player,England,SC Meaker
info,player,England,JW Dernbach
info,player,India,G Gambhir
info,player,India,AM Rahane
info,player,India,V Kohli
info,player,India,Yuvraj Singh
info,player,India,RG Sharma
info,player,India,SK Raina
info,player,India,MS Dhoni
info,player,India,R Ashwin
info,player,India,PP Chawla
info,player,India,AB Dinda
info,player,India,P Awana
info,registry,people,AB Dinda,66b30f71
info,registry,people,AD Hales,92aeac25
info,registry,people,AM Rahane,29e95537
info,registry,people,EJG Morgan,d2a6c0e6
info,registry,people,G Gambhir,bb345e0b
info,registry,people,JC Buttler,99b75528
info,registry,people,JC Tredwell,49b6c09f
info,registry,people,JE Root,a343262c
info,registry,people,JJ Crowe,2e760301
info,registry,people,JW Dernbach,7be8a0ed
info,registry,people,LJ Wright,cca50cd6
info,registry,people,MJ Lumb,11df3dc8
info,registry,people,MS Dhoni,4a8a2e3b
info,registry,people,P Awana,1a0c3177
info,registry,people,PP Chawla,98ae73b1
info,registry,people,R Ashwin,495d42a5
info,registry,people,RG Sharma,740742ef
info,registry,people,RM Deshpande,7d2a4250
info,registry,people,S Asnani,b04524bc
info,registry,people,S Ravi,9b9ee0df
info,registry,people,SC Meaker,eb9cb105
info,registry,people,SK Raina,1dc12ab9
info,registry,people,SR Patel,18fac429
info,registry,people,TT Bresnan,58043739
info,registry,people,V Kohli,ba607b88
info,registry,people,VA Kulkarni,8fe0c4f8
info,registry,people,Yuvraj Singh,1c914163
