version,2.1.0
info,balls_per_over,6
info,team,India
info,team,New Zealand
info,gender,male
info,season,2012
info,date,2012/09/11
info,event,New Zealand in India T20I Series
info,match_number,2
info,venue,"MA Chidambaram Stadium, Chepauk"
info,city,Chennai
info,toss_winner,India
info,toss_decision,field
info,player_of_match,BB McCullum
info,umpire,VA Kulkarni
info,umpire,S Ravi
info,reserve_umpire,C Shamshuddin
info,tv_umpire,S Asnani
info,match_referee,BC Broad
info,winner,New Zealand
info,winner_runs,1
info,player,India,G Gambhir
info,player,India,V Kohli
info,player,India,SK Raina
info,player,India,Yuvraj Singh
info,player,India,MS Dhoni
info,player,India,RG Sharma
info,player,India,MK Tiwary
info,player,India,IK Pathan
info,player,India,R Ashwin
info,player,India,Z Khan
info,player,India,L Balaji
info,player,New Zealand,RJ Nicol
info,player,New Zealand,MJ Guptill
info,player,New Zealand,BB McCullum
info,player,New Zealand,KS Williamson
info,player,New Zealand,LRPL Taylor
info,player,New Zealand,JEC Franklin
info,player,New Zealand,JDP Oram
info,player,New Zealand,DL Vettori
info,player,New Zealand,RM Hira
info,player,New Zealand,AF Milne
info,player,New Zealand,KD Mills
info,registry,people,AF Milne,350bb1b1
info,registry,people,BB McCullum,b8a55852
info,registry,people,BC Broad,d6a7dd38
info,registry,people,C Shamshuddin,0f9d921b
info,registry,people,DL Vettori,d7c6af50
info,registry,people,G Gambhir,bb345e0b
info,registry,people,IK Pathan,5fa06777
info,registry,people,JDP Oram,3eac9d95
info,registry,people,JEC Franklin,cf73ad76
info,registry,people,KD Mills,7fb32e5b
info,registry,people,KS Williamson,d027ba9f
info,registry,people,L Balaji,b2b50355
info,registry,people,LRPL Taylor,b61a3e1a
info,registry,people,MJ Guptill,2be41edb
info,registry,people,MK Tiwary,26e5cabf
info,registry,people,MS Dhoni,4a8a2e3b
info,registry,people,R Ashwin,495d42a5
info,registry,people,RG Sharma,740742ef
info,registry,people,RJ Nicol,8d8c24fd
info,registry,people,RM Hira,2e966563
info,registry,people,S Asnani,b04524bc
info,registry,people,S Ravi,9b9ee0df
info,registry,people,SK Raina,1dc12ab9
info,registry,people,TG Southee,13c35c9e
info,registry,people,V Kohli,ba607b88
info,registry,people,VA Kulkarni,8fe0c4f8
info,registry,people,Yuvraj Singh,1c914163
info,registry,people,Z Khan,91a4a398
