match_id,season,start_date,venue,innings,ball,batting_team,bowling_team,striker,non_striker,bowler,runs_off_bat,extras,wides,noballs,byes,legbyes,penalty,wicket_type,player_dismissed,other_wicket_type,other_player_dismissed
1072318,2017/18,2018-02-10,Melbourne Cricket Ground,1,0.1,England,Australia,JJ Roy,AD Hales,KW Richardson,2,0,,,,,,,,,
1072318,2017/18,2018-02-10,Melbourne Cricket Ground,1,0.2,England,Australia,JJ Roy,AD Hales,KW Richardson,0,1,1,,,,,,,,
1072318,2017/18,2018-02-10,Melbourne Cricket Ground,1,0.3,England,Australia,JJ Roy,AD Hales,KW Richardson,0,0,,,,,,,,,
1072318,2017/18,2018-02-10,Melbourne Cricket Ground,1,0.4,England,Australia,JJ Roy,AD Hales,KW Richardson,1,0,,,,,,,,,
1072318,2017/18,2018-02-10,Melbourne Cricket Ground,1,0.5,England,Australia,AD Hales,JJ Roy,KW Richardson,3,0,,,,,,,,,
1072318,2017/18,2018-02-10,Melbourne Cricket Ground,1,0.6,England,Australia,JJ Roy,AD Hales,KW Richardson,0,0,,,,,,,,,
1072318,2017/18,2018-02-10,Melbourne Cricket Ground,1,0.7,England,Australia,JJ Roy,AD Hales,KW Richardson,0,1,1,,,,,,,,
1072318,2017/18,2018-02-10,Melbourne Cricket Ground,1,0.8,England,Australia,JJ Roy,AD Hales,KW Richardson,4,0,,,,,,,,,
1072318,2017/18,2018-02-10,Melbourne Cricket Ground,1,1.1,England,Australia,AD Hales,JJ Roy,B Stanlake,0,0,,,,,,,,,
1072318,2017/18,2018-02-10,Melbourne Cricket Ground,1,1.2,England,Australia,AD Hales,JJ Roy,B Stanlake,0,0,,,,,,caught,AD Hales,,
1072318,2017/18,2018-02-10,Melbourne Cricket Ground,1,1.3,England,Australia,JJ Roy,DJ Malan,B Stanlake,1,0,,,,,,,,,
1072318,2017/18,2018-02-10,Melbourne Cricket Ground,1,1.4,England,Australia,DJ Malan,JJ Roy,B Stanlake,0,0,,,,,,,,,
1072318,2017/18,2018-02-10,Melbourne Cricket Ground,1,1.5,England,Australia,DJ Malan,JJ Roy,B Stanlake,0,0,,,,,,,,,
1072318,2017/18,2018-02-10,Melbourne Cricket Ground,1,1.6,England,Australia,DJ Malan,JJ Roy,B Stanlake,0,1,1,,,,,,,,
1072318,2017/18,2018-02-10,Melbourne Cricket Ground,1,1.7,England,Australia,DJ Malan,JJ Roy,B Stanlake,1,0,,,,,,,,,
1072318,2017/18,2018-02-10,Melbourne Cricket Ground,1,2.1,England,Australia,DJ Malan,JJ Roy,KW Richardson,1,0,,,,,,,,,
1072318,2017/18,2018-02-10,Melbourne Cricket Ground,1,2.2,England,Australia,JJ Roy,DJ Malan,KW Richardson,0,0,,,,,,caught,JJ Roy,,
1072318,2017/18,2018-02-10,Melbourne Cricket Ground,1,2.3,England,Australia,JM Vince,DJ Malan,KW Richardson,1,0,,,,,,,,,
1072318,2017/18,2018-02-10,Melbourne Cricket Ground,1,2.4,England,Australia,DJ Malan,JM Vince,KW Richardson,1,0,,,,,,,,,
1072318,2017/18,2018-02-10,Melbourne Cricket Ground,1,2.5,England,Australia,JM Vince,DJ Malan,KW Richardson,4,0,,,,,,,,,
1072318,2017/18,2018-02-10,Melbourne Cricket Ground,1,2.6,England,Australia,JM Vince,DJ Malan,KW Richardson,4,0,,,,,,,,,
1072318,2017/18,2018-02-10,Melbourne Cricket Ground,1,3.1,England,Australia,DJ Malan,JM Vince,B Stanlake,0,0,,,,,,,,,
1072318,2017/18,2018-02-10,Melbourne Cricket Ground,1,3.2,England,Australia,DJ Malan,JM Vince,B Stanlake,2,0,,,,,,,,,
1072318,2017/18,2018-02-10,Melbourne Cricket Ground,1,3.3,England,Australia,DJ Malan,JM Vince,B Stanlake,1,0,,,,,,,,,
1072318,2017/18,2018-02-10,Melbourne Cricket Ground,1,3.4,England,Australia,JM Vince,DJ Malan,B Stanlake,1,0,,,,,,,,,
1072318,2017/18,2018-02-10,Melbourne Cricket Ground,1,3.5,England,Australia,DJ Malan,JM Vince,B Stanlake,4,0,,,,,,,,,
1072318,2017/18,2018-02-10,Melbourne Cricket Ground,1,3.6,England,Australia,DJ Malan,JM Vince,B Stanlake,0,0,,,,,,run out,DJ Malan,,
1072318,2017/18,2018-02-10,Melbourne Cricket Ground,1,4.1,England,Australia,JC Buttler,JM Vince,KW Richardson,0,0,,,,,,,,,
1072318,2017/18,2018-02-10,Melbourne Cricket Ground,1,4.2,England,Australia,JC Buttler,JM Vince,KW Richardson,0,0,,,,,,,,,
1072318,2017/18,2018-02-10,Melbourne Cricket Ground,1,4.3,England,Australia,JC Buttler,JM Vince,KW Richardson,0,0,,,,,,,,,
1072318,2017/18,2018-02-10,Melbourne Cricket Ground,1,4.4,England,Australia,JC Buttler,JM Vince,KW Richardson,0,0,,,,,,,,,
1072318,2017/18,2018-02-10,Melbourne Cricket Ground,1,4.5,England,Australia,JC Buttler,JM Vince,KW Richardson,1,0,,,,,,,,,
1072318,2017/18,2018-02-10,Melbourne Cricket Ground,1,4.6,England,Australia,JM Vince,JC Buttler,KW Richardson,1,0,,,,,,,,,
1072318,2017/18,2018-02-10,Melbourne Cricket Ground,1,5.1,England,Australia,JM Vince,JC Buttler,MP Stoinis,1,0,,,,,,,,,
1072318,2017/18,2018-02-10,Melbourne Cricket Ground,1,5.2,England,Australia,JC Buttler,JM Vince,MP Stoinis,0,0,,,,,,,,,
1072318,2017/18,2018-02-10,Melbourne Cricket Ground,1,5.3,England,Australia,JC Buttler,JM Vince,MP Stoinis,0,0,,,,,,,,,
1072318,2017/18,2018-02-10,Melbourne Cricket Ground,1,5.4,England,Australia,JC Buttler,JM Vince,MP Stoinis,4,0,,,,,,,,,
1072318,2017/18,2018-02-10,Melbourne Cricket Ground,1,5.5,England,Australia,JC Buttler,JM Vince,MP Stoinis,0,0,,,,,,,,,
1072318,2017/18,2018-02-10,Melbourne Cricket Ground,1,5.6,England,Australia,JC Buttler,JM Vince,MP Stoinis,1,0,,,,,,,,,
1072318,2017/18,2018-02-10,Melbourne Cricket Ground,1,6.1,England,Australia,JC Buttler,JM Vince,AJ Tye,2,0,,,,,,,,,
1072318,2017/18,2018-02-10,Melbourne Cricket Ground,1,6.2,England,Australia,JC Buttler,JM Vince,AJ Tye,1,0,,,,,,,,,
1072318,2017/18,2018-02-10,Melbourne Cricket Ground,1,6.3,England,Australia,JM Vince,JC Buttler,AJ Tye,0,0,,,,,,,,,
1072318,2017/18,2018-02-10,Melbourne Cricket Ground,1,6.4,England,Australia,JM Vince,JC Buttler,AJ Tye,0,0,,,,,,,,,
1072318,2017/18,2018-02-10,Melbourne Cricket Ground,1,6.5,England,Australia,JM Vince,JC Buttler,AJ Tye,1,0,,,,,,,,,
1072318,2017/18,2018-02-10,Melbourne Cricket Ground,1,6.6,England,Australia,JC Buttler,JM Vince,AJ Tye,3,0,,,,,,,,,
1072318,2017/18,2018-02-10,Melbourne Cricket Ground,1,7.1,England,Australia,JC Buttler,JM Vince,AC Agar,0,0,,,,,,,,,
1072318,2017/18,2018-02-10,Melbourne Cricket Ground,1,7.2,England,Australia,JC Buttler,JM Vince,AC Agar,1,0,,,,,,,,,
1072318,2017/18,2018-02-10,Melbourne Cricket Ground,1,7.3,England,Australia,JM Vince,JC Buttler,AC Agar,0,0,,,,,,,,,
1072318,2017/18,2018-02-10,Melbourne Cricket Ground,1,7.4,England,Australia,JM Vince,JC Buttler,AC Agar,0,0,,,,,,,,,
1072318,2017/18,2018-02-10,Melbourne Cricket Ground,1,7.5,England,Australia,JM Vince,JC Buttler,AC Agar,1,0,,,,,,,,,
1072318,2017/18,2018-02-10,Melbourne Cricket Ground,1,7.6,England,Australia,JC Buttler,JM Vince,AC Agar,2,0,,,,,,,,,
1072318,2017/18,2018-02-10,Melbourne Cricket Ground,1,8.1,England,Australia,JM Vince,JC Buttler,MP Stoinis,1,0,,,,,,,,,
1072318,2017/18,2018-02-10,Melbourne Cricket Ground,1,8.2,England,Australia,JC Buttler,JM Vince,MP Stoinis,1,0,,,,,,,,,
1072318,2017/18,2018-02-10,Melbourne Cricket Ground,1,8.3,England,Australia,JM Vince,JC Buttler,MP Stoinis,0,0,,,,,,,,,
1072318,2017/18,2018-02-10,Melbourne Cricket Ground,1,8.4,England,Australia,JM Vince,JC Buttler,MP Stoinis,1,0,,,,,,,,,
1072318,2017/18,2018-02-10,Melbourne Cricket Ground,1,8.5,England,Australia,JC Buttler,JM Vince,MP Stoinis,4,0,,,,,,,,,
1072318,2017/18,2018-02-10,Melbourne Cricket Ground,1,8.6,England,Australia,JC Buttler,JM Vince,MP Stoinis,1,0,,,,,,,,,
1072318,2017/18,2018-02-10,Melbourne Cricket Ground,1,9.1,England,Australia,JC Buttler,JM Vince,AC Agar,1,0,,,,,,,,,
1072318,2017/18,2018-02-10,Melbourne Cricket Ground,1,9.2,England,Australia,JM Vince,JC Buttler,AC Agar,1,0,,,,,,,,,
1072318,2017/18,2018-02-10,Melbourne Cricket Ground,1,9.3,England,Australia,JC Buttler,JM Vince,AC Agar,0,0,,,,,,,,,
1072318,2017/18,2018-02-10,Melbourne Cricket Ground,1,9.4,England,Australia,JC Buttler,JM Vince,AC Agar,1,0,,,,,,,,,
1072318,2017/18,2018-02-10,Melbourne Cricket Ground,1,9.5,England,Australia,JM Vince,JC Buttler,AC Agar,2,0,,,,,,,,,
1072318,2017/18,2018-02-10,Melbourne Cricket Ground,1,9.6,England,Australia,JM Vince,JC Buttler,AC Agar,1,0,,,,,,,,,
1072318,2017/18,2018-02-10,Melbourne Cricket Ground,1,10.1,England,Australia,JM Vince,JC Buttler,AJ Tye,0,0,,,,,,,,,
1072318,2017/18,2018-02-10,Melbourne Cricket Ground,1,10.2,England,Australia,JM Vince,JC Buttler,AJ Tye,1,0,,,,,,,,,
1072318,2017/18,2018-02-10,Melbourne Cricket Ground,1,10.3,England,Australia,JC Buttler,JM Vince,AJ Tye,0,1,1,,,,,,,,
1072318,2017/18,2018-02-10,Melbourne Cricket Ground,1,10.4,England,Australia,JC Buttler,JM Vince,AJ Tye,1,0,,,,,,,,,
1072318,2017/18,2018-02-10,Melbourne Cricket Ground,1,10.5,England,Australia,JM Vince,JC Buttler,AJ Tye,0,0,,,,,,bowled,JM Vince,,
1072318,2017/18,2018-02-10,Melbourne Cricket Ground,1,10.6,England,Australia,SW Billings,JC Buttler,AJ Tye,0,0,,,,,,,,,
1072318,2017/18,2018-02-10,Melbourne Cricket Ground,1,10.7,England,Australia,SW Billings,JC Buttler,AJ Tye,0,0,,,,,,,,,
1072318,2017/18,2018-02-10,Melbourne Cricket Ground,1,11.1,England,Australia,JC Buttler,SW Billings,B Stanlake,0,0,,,,,,,,,
1072318,2017/18,2018-02-10,Melbourne Cricket Ground,1,11.2,England,Australia,JC Buttler,SW Billings,B Stanlake,0,0,,,,,,,,,
1072318,2017/18,2018-02-10,Melbourne Cricket Ground,1,11.3,England,Australia,JC Buttler,SW Billings,B Stanlake,1,0,,,,,,,,,
1072318,2017/18,2018-02-10,Melbourne Cricket Ground,1,11.4,England,Australia,SW Billings,JC Buttler,B Stanlake,0,0,,,,,,,,,
1072318,2017/18,2018-02-10,Melbourne Cricket Ground,1,11.5,England,Australia,SW Billings,JC Buttler,B Stanlake,0,0,,,,,,,,,
1072318,2017/18,2018-02-10,Melbourne Cricket Ground,1,11.6,England,Australia,SW Billings,JC Buttler,B Stanlake,1,0,,,,,,,,,
1072318,2017/18,2018-02-10,Melbourne Cricket Ground,1,12.1,England,Australia,SW Billings,JC Buttler,MP Stoinis,0,0,,,,,,,,,
1072318,2017/18,2018-02-10,Melbourne Cricket Ground,1,12.2,England,Australia,SW Billings,JC Buttler,MP Stoinis,0,0,,,,,,,,,
1072318,2017/18,2018-02-10,Melbourne Cricket Ground,1,12.3,England,Australia,SW Billings,JC Buttler,MP Stoinis,1,0,,,,,,,,,
1072318,2017/18,2018-02-10,Melbourne Cricket Ground,1,12.4,England,Australia,JC Buttler,SW Billings,MP Stoinis,0,0,,,,,,,,,
1072318,2017/18,2018-02-10,Melbourne Cricket Ground,1,12.5,England,Australia,JC Buttler,SW Billings,MP Stoinis,1,0,,,,,,,,,
1072318,2017/18,2018-02-10,Melbourne Cricket Ground,1,12.6,England,Australia,SW Billings,JC Buttler,MP Stoinis,0,0,,,,,,,,,
1072318,2017/18,2018-02-10,Melbourne Cricket Ground,1,13.1,England,Australia,JC Buttler,SW Billings,AC Agar,1,0,,,,,,,,,
1072318,2017/18,2018-02-10,Melbourne Cricket Ground,1,13.2,England,Australia,SW Billings,JC Buttler,AC Agar,1,0,,,,,,,,,
1072318,2017/18,2018-02-10,Melbourne Cricket Ground,1,13.3,England,Australia,JC Buttler,SW Billings,AC Agar,1,0,,,,,,,,,
1072318,2017/18,2018-02-10,Melbourne Cricket Ground,1,13.4,England,Australia,SW Billings,JC Buttler,AC Agar,6,0,,,,,,,,,
1072318,2017/18,2018-02-10,Melbourne Cricket Ground,1,13.5,England,Australia,SW Billings,JC Buttler,AC Agar,1,0,,,,,,,,,
1072318,2017/18,2018-02-10,Melbourne Cricket Ground,1,13.6,England,Australia,JC Buttler,SW Billings,AC Agar,0,0,,,,,,,,,
1072318,2017/18,2018-02-10,Melbourne Cricket Ground,1,14.1,England,Australia,SW Billings,JC Buttler,MP Stoinis,0,0,,,,,,,,,
1072318,2017/18,2018-02-10,Melbourne Cricket Ground,1,14.2,England,Australia,SW Billings,JC Buttler,MP Stoinis,1,0,,,,,,,,,
1072318,2017/18,2018-02-10,Melbourne Cricket Ground,1,14.3,England,Australia,JC Buttler,SW Billings,MP Stoinis,0,0,,,,,,,,,
1072318,2017/18,2018-02-10,Melbourne Cricket Ground,1,14.4,England,Australia,JC Buttler,SW Billings,MP Stoinis,0,2,,,2,,,,,,
1072318,2017/18,2018-02-10,Melbourne Cricket Ground,1,14.5,England,Australia,JC Buttler,SW Billings,MP Stoinis,1,0,,,,,,,,,
1072318,2017/18,2018-02-10,Melbourne Cricket Ground,1,14.6,England,Australia,SW Billings,JC Buttler,MP Stoinis,0,0,,,,,,,,,
1072318,2017/18,2018-02-10,Melbourne Cricket Ground,1,15.1,England,Australia,JC Buttler,SW Billings,AC Agar,1,0,,,,,,,,,
1072318,2017/18,2018-02-10,Melbourne Cricket Ground,1,15.2,England,Australia,SW Billings,JC Buttler,AC Agar,4,0,,,,,,,,,
1072318,2017/18,2018-02-10,Melbourne Cricket Ground,1,15.3,England,Australia,SW Billings,JC Buttler,AC Agar,1,0,,,,,,,,,
1072318,2017/18,2018-02-10,Melbourne Cricket Ground,1,15.4,England,Australia,JC Buttler,SW Billings,AC Agar,0,0,,,,,,,,,
1072318,2017/18,2018-02-10,Melbourne Cricket Ground,1,15.5,England,Australia,JC Buttler,SW Billings,AC Agar,1,0,,,,,,,,,
1072318,2017/18,2018-02-10,Melbourne Cricket Ground,1,15.6,England,Australia,SW Billings,JC Buttler,AC Agar,0,0,,,,,,,,,
1072318,2017/18,2018-02-10,Melbourne Cricket Ground,1,16.1,England,Australia,JC Buttler,SW Billings,AJ Tye,1,0,,,,,,,,,
1072318,2017/18,2018-02-10,Melbourne Cricket Ground,1,16.2,England,Australia,SW Billings,JC Buttler,AJ Tye,0,1,1,,,,,,,,
1072318,2017/18,2018-02-10,Melbourne Cricket Ground,1,16.3,England,Australia,SW Billings,JC Buttler,AJ Tye,4,0,,,,,,,,,
1072318,2017/18,2018-02-10,Melbourne Cricket Ground,1,16.4,England,Australia,SW Billings,JC Buttler,AJ Tye,1,0,,,,,,,,,
1072318,2017/18,2018-02-10,Melbourne Cricket Ground,1,16.5,England,Australia,JC Buttler,SW Billings,AJ Tye,0,0,,,,,,,,,
1072318,2017/18,2018-02-10,Melbourne Cricket Ground,1,16.6,England,Australia,JC Buttler,SW Billings,AJ Tye,2,0,,,,,,,,,
1072318,2017/18,2018-02-10,Melbourne Cricket Ground,1,16.7,England,Australia,JC Buttler,SW Billings,AJ Tye,0,1,1,,,,,,,,
1072318,2017/18,2018-02-10,Melbourne Cricket Ground,1,16.8,England,Australia,JC Buttler,SW Billings,AJ Tye,0,0,,,,,,,,,
1072318,2017/18,2018-02-10,Melbourne Cricket Ground,1,17.1,England,Australia,SW Billings,JC Buttler,B Stanlake,4,0,,,,,,,,,
1072318,2017/18,2018-02-10,Melbourne Cricket Ground,1,17.2,England,Australia,SW Billings,JC Buttler,B Stanlake,4,0,,,,,,,,,
1072318,2017/18,2018-02-10,Melbourne Cricket Ground,1,17.3,England,Australia,SW Billings,JC Buttler,B Stanlake,0,0,,,,,,caught,SW Billings,,
1072318,2017/18,2018-02-10,Melbourne Cricket Ground,1,17.4,England,Australia,JC Buttler,DJ Willey,B Stanlake,4,0,,,,,,,,,
1072318,2017/18,2018-02-10,Melbourne Cricket Ground,1,17.5,England,Australia,JC Buttler,DJ Willey,B Stanlake,0,1,1,,,,,,,,
1072318,2017/18,2018-02-10,Melbourne Cricket Ground,1,17.6,England,Australia,JC Buttler,DJ Willey,B Stanlake,0,0,,,,,,,,,
1072318,2017/18,2018-02-10,Melbourne Cricket Ground,1,17.7,England,Australia,JC Buttler,DJ Willey,B Stanlake,2,0,,,,,,,,,
1072318,2017/18,2018-02-10,Melbourne Cricket Ground,1,18.1,England,Australia,DJ Willey,JC Buttler,AJ Tye,1,0,,,,,,,,,
1072318,2017/18,2018-02-10,Melbourne Cricket Ground,1,18.2,England,Australia,JC Buttler,DJ Willey,AJ Tye,1,0,,,,,,,,,
1072318,2017/18,2018-02-10,Melbourne Cricket Ground,1,18.3,England,Australia,DJ Willey,JC Buttler,AJ Tye,4,0,,,,,,,,,
1072318,2017/18,2018-02-10,Melbourne Cricket Ground,1,18.4,England,Australia,DJ Willey,JC Buttler,AJ Tye,0,0,,,,,,,,,
1072318,2017/18,2018-02-10,Melbourne Cricket Ground,1,18.5,England,Australia,DJ Willey,JC Buttler,AJ Tye,1,0,,,,,,,,,
1072318,2017/18,2018-02-10,Melbourne Cricket Ground,1,18.6,England,Australia,JC Buttler,DJ Willey,AJ Tye,2,0,,,,,,,,,
1072318,2017/18,2018-02-10,Melbourne Cricket Ground,1,19.1,England,Australia,DJ Willey,JC Buttler,KW Richardson,4,0,,,,,,,,,
1072318,2017/18,2018-02-10,Melbourne Cricket Ground,1,19.2,England,Australia,DJ Willey,JC Buttler,KW Richardson,0,0,,,,,,caught,DJ Willey,,
1072318,2017/18,2018-02-10,Melbourne Cricket Ground,1,19.3,England,Australia,JC Buttler,CJ Jordan,KW Richardson,2,0,,,,,,,,,
1072318,2017/18,2018-02-10,Melbourne Cricket Ground,1,19.4,England,Australia,JC Buttler,CJ Jordan,KW Richardson,1,0,,,,,,,,,
1072318,2017/18,2018-02-10,Melbourne Cricket Ground,1,19.5,England,Australia,CJ Jordan,JC Buttler,KW Richardson,1,0,,,,,,,,,
1072318,2017/18,2018-02-10,Melbourne Cricket Ground,1,19.6,England,Australia,JC Buttler,CJ Jordan,KW Richardson,0,0,,,,,,caught,JC Buttler,,
1072318,2017/18,2018-02-10,Melbourne Cricket Ground,2,0.1,Australia,England,DA Warner,DJM Short,DJ Willey,0,0,,,,,,,,,
1072318,2017/18,2018-02-10,Melbourne Cricket Ground,2,0.2,Australia,England,DA Warner,DJM Short,DJ Willey,2,0,,,,,,,,,
1072318,2017/18,2018-02-10,Melbourne Cricket Ground,2,0.3,Australia,England,DA Warner,DJM Short,DJ Willey,0,0,,,,,,,,,
1072318,2017/18,2018-02-10,Melbourne Cricket Ground,2,0.4,Australia,England,DA Warner,DJM Short,DJ Willey,0,0,,,,,,caught,DA Warner,,
1072318,2017/18,2018-02-10,Melbourne Cricket Ground,2,0.5,Australia,England,CA Lynn,DJM Short,DJ Willey,0,0,,,,,,,,,
1072318,2017/18,2018-02-10,Melbourne Cricket Ground,2,0.6,Australia,England,CA Lynn,DJM Short,DJ Willey,4,0,,,,,,,,,
1072318,2017/18,2018-02-10,Melbourne Cricket Ground,2,1.1,Australia,England,DJM Short,CA Lynn,TK Curran,1,0,,,,,,,,,
1072318,2017/18,2018-02-10,Melbourne Cricket Ground,2,1.2,Australia,England,CA Lynn,DJM Short,TK Curran,4,0,,,,,,,,,
1072318,2017/18,2018-02-10,Melbourne Cricket Ground,2,1.3,Australia,England,CA Lynn,DJM Short,TK Curran,0,0,,,,,,,,,
1072318,2017/18,2018-02-10,Melbourne Cricket Ground,2,1.4,Australia,England,CA Lynn,DJM Short,TK Curran,4,0,,,,,,,,,
1072318,2017/18,2018-02-10,Melbourne Cricket Ground,2,1.5,Australia,England,CA Lynn,DJM Short,TK Curran,6,0,,,,,,,,,
1072318,2017/18,2018-02-10,Melbourne Cricket Ground,2,1.6,Australia,England,CA Lynn,DJM Short,TK Curran,1,0,,,,,,,,,
1072318,2017/18,2018-02-10,Melbourne Cricket Ground,2,2.1,Australia,England,CA Lynn,DJM Short,DJ Willey,0,5,5,,,,,,,,
1072318,2017/18,2018-02-10,Melbourne Cricket Ground,2,2.2,Australia,England,CA Lynn,DJM Short,DJ Willey,0,1,,,,1,,,,,
1072318,2017/18,2018-02-10,Melbourne Cricket Ground,2,2.3,Australia,England,DJM Short,CA Lynn,DJ Willey,0,0,,,,,,,,,
1072318,2017/18,2018-02-10,Melbourne Cricket Ground,2,2.4,Australia,England,DJM Short,CA Lynn,DJ Willey,0,0,,,,,,,,,
1072318,2017/18,2018-02-10,Melbourne Cricket Ground,2,2.5,Australia,England,DJM Short,CA Lynn,DJ Willey,0,0,,,,,,,,,
1072318,2017/18,2018-02-10,Melbourne Cricket Ground,2,2.6,Australia,England,DJM Short,CA Lynn,DJ Willey,0,0,,,,,,,,,
1072318,2017/18,2018-02-10,Melbourne Cricket Ground,2,2.7,Australia,England,DJM Short,CA Lynn,DJ Willey,0,0,,,,,,,,,
1072318,2017/18,2018-02-10,Melbourne Cricket Ground,2,3.1,Australia,England,CA Lynn,DJM Short,CJ Jordan,1,0,,,,,,,,,
1072318,2017/18,2018-02-10,Melbourne Cricket Ground,2,3.2,Australia,England,DJM Short,CA Lynn,CJ Jordan,0,1,1,,,,,,,,
1072318,2017/18,2018-02-10,Melbourne Cricket Ground,2,3.3,Australia,England,DJM Short,CA Lynn,CJ Jordan,4,0,,,,,,,,,
1072318,2017/18,2018-02-10,Melbourne Cricket Ground,2,3.4,Australia,England,DJM Short,CA Lynn,CJ Jordan,1,0,,,,,,,,,
1072318,2017/18,2018-02-10,Melbourne Cricket Ground,2,3.5,Australia,England,CA Lynn,DJM Short,CJ Jordan,0,0,,,,,,,,,
1072318,2017/18,2018-02-10,Melbourne Cricket Ground,2,3.6,Australia,England,CA Lynn,DJM Short,CJ Jordan,1,0,,,,,,,,,
1072318,2017/18,2018-02-10,Melbourne Cricket Ground,2,3.7,Australia,England,DJM Short,CA Lynn,CJ Jordan,4,0,,,,,,,,,
1072318,2017/18,2018-02-10,Melbourne Cricket Ground,2,4.1,Australia,England,CA Lynn,DJM Short,DJ Willey,0,0,,,,,,,,,
1072318,2017/18,2018-02-10,Melbourne Cricket Ground,2,4.2,Australia,England,CA Lynn,DJM Short,DJ Willey,0,0,,,,,,,,,
1072318,2017/18,2018-02-10,Melbourne Cricket Ground,2,4.3,Australia,England,CA Lynn,DJM Short,DJ Willey,0,0,,,,,,,,,
1072318,2017/18,2018-02-10,Melbourne Cricket Ground,2,4.4,Australia,England,CA Lynn,DJM Short,DJ Willey,6,0,,,,,,,,,
1072318,2017/18,2018-02-10,Melbourne Cricket Ground,2,4.5,Australia,England,CA Lynn,DJM Short,DJ Willey,0,1,,,,1,,,,,
1072318,2017/18,2018-02-10,Melbourne Cricket Ground,2,4.6,Australia,England,DJM Short,CA Lynn,DJ Willey,0,0,,,,,,,,,
1072318,2017/18,2018-02-10,Melbourne Cricket Ground,2,5.1,Australia,England,CA Lynn,DJM Short,CJ Jordan,4,0,,,,,,,,,
1072318,2017/18,2018-02-10,Melbourne Cricket Ground,2,5.2,Australia,England,CA Lynn,DJM Short,CJ Jordan,0,0,,,,,,,,,
1072318,2017/18,2018-02-10,Melbourne Cricket Ground,2,5.3,Australia,England,CA Lynn,DJM Short,CJ Jordan,0,0,,,,,,caught,CA Lynn,,
1072318,2017/18,2018-02-10,Melbourne Cricket Ground,2,5.4,Australia,England,DJM Short,GJ Maxwell,CJ Jordan,0,0,,,,,,,,,
1072318,2017/18,2018-02-10,Melbourne Cricket Ground,2,5.5,Australia,England,DJM Short,GJ Maxwell,CJ Jordan,1,0,,,,,,,,,
1072318,2017/18,2018-02-10,Melbourne Cricket Ground,2,5.6,Australia,England,GJ Maxwell,DJM Short,CJ Jordan,0,0,,,,,,,,,
1072318,2017/18,2018-02-10,Melbourne Cricket Ground,2,6.1,Australia,England,DJM Short,GJ Maxwell,AU Rashid,1,0,,,,,,,,,
1072318,2017/18,2018-02-10,Melbourne Cricket Ground,2,6.2,Australia,England,GJ Maxwell,DJM Short,AU Rashid,0,0,,,,,,,,,
1072318,2017/18,2018-02-10,Melbourne Cricket Ground,2,6.3,Australia,England,GJ Maxwell,DJM Short,AU Rashid,1,0,,,,,,,,,
1072318,2017/18,2018-02-10,Melbourne Cricket Ground,2,6.4,Australia,England,DJM Short,GJ Maxwell,AU Rashid,1,0,,,,,,,,,
1072318,2017/18,2018-02-10,Melbourne Cricket Ground,2,6.5,Australia,England,GJ Maxwell,DJM Short,AU Rashid,1,0,,,,,,,,,
1072318,2017/18,2018-02-10,Melbourne Cricket Ground,2,6.6,Australia,England,DJM Short,GJ Maxwell,AU Rashid,0,0,,,,,,,,,
1072318,2017/18,2018-02-10,Melbourne Cricket Ground,2,7.1,Australia,England,GJ Maxwell,DJM Short,LA Dawson,1,0,,,,,,,,,
1072318,2017/18,2018-02-10,Melbourne Cricket Ground,2,7.2,Australia,England,DJM Short,GJ Maxwell,LA Dawson,1,0,,,,,,,,,
1072318,2017/18,2018-02-10,Melbourne Cricket Ground,2,7.3,Australia,England,GJ Maxwell,DJM Short,LA Dawson,0,0,,,,,,,,,
1072318,2017/18,2018-02-10,Melbourne Cricket Ground,2,7.4,Australia,England,GJ Maxwell,DJM Short,LA Dawson,0,0,,,,,,,,,
1072318,2017/18,2018-02-10,Melbourne Cricket Ground,2,7.5,Australia,England,GJ Maxwell,DJM Short,LA Dawson,1,0,,,,,,,,,
1072318,2017/18,2018-02-10,Melbourne Cricket Ground,2,7.6,Australia,England,DJM Short,GJ Maxwell,LA Dawson,1,0,,,,,,,,,
1072318,2017/18,2018-02-10,Melbourne Cricket Ground,2,8.1,Australia,England,DJM Short,GJ Maxwell,AU Rashid,0,0,,,,,,,,,
1072318,2017/18,2018-02-10,Melbourne Cricket Ground,2,8.2,Australia,England,DJM Short,GJ Maxwell,AU Rashid,1,0,,,,,,,,,
1072318,2017/18,2018-02-10,Melbourne Cricket Ground,2,8.3,Australia,England,GJ Maxwell,DJM Short,AU Rashid,0,0,,,,,,,,,
1072318,2017/18,2018-02-10,Melbourne Cricket Ground,2,8.4,Australia,England,GJ Maxwell,DJM Short,AU Rashid,2,0,,,,,,,,,
1072318,2017/18,2018-02-10,Melbourne Cricket Ground,2,8.5,Australia,England,GJ Maxwell,DJM Short,AU Rashid,0,0,,,,,,,,,
1072318,2017/18,2018-02-10,Melbourne Cricket Ground,2,8.6,Australia,England,GJ Maxwell,DJM Short,AU Rashid,2,0,,,,,,,,,
1072318,2017/18,2018-02-10,Melbourne Cricket Ground,2,9.1,Australia,England,DJM Short,GJ Maxwell,LA Dawson,4,0,,,,,,,,,
1072318,2017/18,2018-02-10,Melbourne Cricket Ground,2,9.2,Australia,England,DJM Short,GJ Maxwell,LA Dawson,6,0,,,,,,,,,
1072318,2017/18,2018-02-10,Melbourne Cricket Ground,2,9.3,Australia,England,DJM Short,GJ Maxwell,LA Dawson,2,0,,,,,,,,,
1072318,2017/18,2018-02-10,Melbourne Cricket Ground,2,9.4,Australia,England,DJM Short,GJ Maxwell,LA Dawson,1,0,,,,,,,,,
1072318,2017/18,2018-02-10,Melbourne Cricket Ground,2,9.5,Australia,England,GJ Maxwell,DJM Short,LA Dawson,0,0,,,,,,,,,
1072318,2017/18,2018-02-10,Melbourne Cricket Ground,2,9.6,Australia,England,GJ Maxwell,DJM Short,LA Dawson,6,0,,,,,,,,,
1072318,2017/18,2018-02-10,Melbourne Cricket Ground,2,10.1,Australia,England,DJM Short,GJ Maxwell,AU Rashid,1,0,,,,,,,,,
1072318,2017/18,2018-02-10,Melbourne Cricket Ground,2,10.2,Australia,England,GJ Maxwell,DJM Short,AU Rashid,4,0,,,,,,,,,
1072318,2017/18,2018-02-10,Melbourne Cricket Ground,2,10.3,Australia,England,GJ Maxwell,DJM Short,AU Rashid,4,0,,,,,,,,,
1072318,2017/18,2018-02-10,Melbourne Cricket Ground,2,10.4,Australia,England,GJ Maxwell,DJM Short,AU Rashid,6,0,,,,,,,,,
1072318,2017/18,2018-02-10,Melbourne Cricket Ground,2,10.5,Australia,England,GJ Maxwell,DJM Short,AU Rashid,4,0,,,,,,,,,
1072318,2017/18,2018-02-10,Melbourne Cricket Ground,2,10.6,Australia,England,GJ Maxwell,DJM Short,AU Rashid,1,0,,,,,,,,,
1072318,2017/18,2018-02-10,Melbourne Cricket Ground,2,11.1,Australia,England,GJ Maxwell,DJM Short,TK Curran,1,0,,,,,,,,,
1072318,2017/18,2018-02-10,Melbourne Cricket Ground,2,11.2,Australia,England,DJM Short,GJ Maxwell,TK Curran,1,0,,,,,,,,,
1072318,2017/18,2018-02-10,Melbourne Cricket Ground,2,11.3,Australia,England,GJ Maxwell,DJM Short,TK Curran,0,0,,,,,,,,,
1072318,2017/18,2018-02-10,Melbourne Cricket Ground,2,11.4,Australia,England,GJ Maxwell,DJM Short,TK Curran,0,1,1,,,,,,,,
1072318,2017/18,2018-02-10,Melbourne Cricket Ground,2,11.5,Australia,England,GJ Maxwell,DJM Short,TK Curran,2,0,,,,,,,,,
1072318,2017/18,2018-02-10,Melbourne Cricket Ground,2,11.6,Australia,England,GJ Maxwell,DJM Short,TK Curran,1,0,,,,,,,,,
1072318,2017/18,2018-02-10,Melbourne Cricket Ground,2,11.7,Australia,England,DJM Short,GJ Maxwell,TK Curran,1,0,,,,,,,,,
1072318,2017/18,2018-02-10,Melbourne Cricket Ground,2,12.1,Australia,England,DJM Short,GJ Maxwell,AU Rashid,1,0,,,,,,,,,
1072318,2017/18,2018-02-10,Melbourne Cricket Ground,2,12.2,Australia,England,GJ Maxwell,DJM Short,AU Rashid,1,0,,,,,,,,,
1072318,2017/18,2018-02-10,Melbourne Cricket Ground,2,12.3,Australia,England,DJM Short,GJ Maxwell,AU Rashid,0,0,,,,,,,,,
1072318,2017/18,2018-02-10,Melbourne Cricket Ground,2,12.4,Australia,England,DJM Short,GJ Maxwell,AU Rashid,0,0,,,,,,,,,
1072318,2017/18,2018-02-10,Melbourne Cricket Ground,2,12.5,Australia,England,DJM Short,GJ Maxwell,AU Rashid,1,0,,,,,,,,,
1072318,2017/18,2018-02-10,Melbourne Cricket Ground,2,12.6,Australia,England,GJ Maxwell,DJM Short,AU Rashid,0,1,1,,,,,,,,
1072318,2017/18,2018-02-10,Melbourne Cricket Ground,2,12.7,Australia,England,GJ Maxwell,DJM Short,AU Rashid,1,0,,,,,,,,,
1072318,2017/18,2018-02-10,Melbourne Cricket Ground,2,13.1,Australia,England,GJ Maxwell,DJM Short,CJ Jordan,0,0,,,,,,caught,GJ Maxwell,,
1072318,2017/18,2018-02-10,Melbourne Cricket Ground,2,13.2,Australia,England,DJM Short,AJ Finch,CJ Jordan,0,0,,,,,,,,,
1072318,2017/18,2018-02-10,Melbourne Cricket Ground,2,13.3,Australia,England,DJM Short,AJ Finch,CJ Jordan,1,0,,,,,,,,,
1072318,2017/18,2018-02-10,Melbourne Cricket Ground,2,13.4,Australia,England,AJ Finch,DJM Short,CJ Jordan,0,0,,,,,,,,,
1072318,2017/18,2018-02-10,Melbourne Cricket Ground,2,13.5,Australia,England,AJ Finch,DJM Short,CJ Jordan,4,0,,,,,,,,,
1072318,2017/18,2018-02-10,Melbourne Cricket Ground,2,13.6,Australia,England,AJ Finch,DJM Short,CJ Jordan,4,0,,,,,,,,,
1072318,2017/18,2018-02-10,Melbourne Cricket Ground,2,14.1,Australia,England,DJM Short,AJ Finch,DJ Willey,1,0,,,,,,,,,
1072318,2017/18,2018-02-10,Melbourne Cricket Ground,2,14.2,Australia,England,AJ Finch,DJM Short,DJ Willey,6,0,,,,,,,,,
1072318,2017/18,2018-02-10,Melbourne Cricket Ground,2,14.3,Australia,England,AJ Finch,DJM Short,DJ Willey,6,0,,,,,,,,,
