match_id,season,start_date,venue,innings,ball,batting_team,bowling_team,striker,non_striker,bowler,runs_off_bat,extras,wides,noballs,byes,legbyes,penalty,wicket_type,player_dismissed,other_wicket_type,other_player_dismissed
1198236,2020,2020-09-06,The Rose Bowl,1,0.1,Australia,England,DA Warner,AJ Finch,JC Archer,0,0,,,,,,,,,
1198236,2020,2020-09-06,The Rose Bowl,1,0.2,Australia,England,DA Warner,AJ Finch,JC Archer,0,0,,,,,,,,,
1198236,2020,2020-09-06,The Rose Bowl,1,0.3,Australia,England,DA Warner,AJ Finch,JC Archer,0,0,,,,,,caught,DA Warner,,
1198236,2020,2020-09-06,The Rose Bowl,1,0.4,Australia,England,AT Carey,AJ Finch,JC Archer,0,0,,,,,,,,,
1198236,2020,2020-09-06,The Rose Bowl,1,0.5,Australia,England,AT Carey,AJ Finch,JC Archer,0,0,,,,,,,,,
1198236,2020,2020-09-06,The Rose Bowl,1,0.6,Australia,England,AT Carey,AJ Finch,JC Archer,1,0,,,,,,,,,
1198236,2020,2020-09-06,The Rose Bowl,1,1.1,Australia,England,AT Carey,AJ Finch,MA Wood,0,0,,,,,,,,,
1198236,2020,2020-09-06,The Rose Bowl,1,1.2,Australia,England,AT Carey,AJ Finch,MA Wood,0,0,,,,,,,,,
1198236,2020,2020-09-06,The Rose Bowl,1,1.3,Australia,England,AT Carey,AJ Finch,MA Wood,1,0,,,,,,,,,
1198236,2020,2020-09-06,The Rose Bowl,1,1.4,Australia,England,AJ Finch,AT Carey,MA Wood,1,0,,,,,,,,,
1198236,2020,2020-09-06,The Rose Bowl,1,1.5,Australia,England,AT Carey,AJ Finch,MA Wood,0,0,,,,,,caught,AT Carey,,
1198236,2020,2020-09-06,The Rose Bowl,1,1.6,Australia,England,SPD Smith,AJ Finch,MA Wood,0,0,,,,,,,,,
1198236,2020,2020-09-06,The Rose Bowl,1,2.1,Australia,England,AJ Finch,SPD Smith,JC Archer,0,0,,,,,,,,,
1198236,2020,2020-09-06,The Rose Bowl,1,2.2,Australia,England,AJ Finch,SPD Smith,JC Archer,6,0,,,,,,,,,
1198236,2020,2020-09-06,The Rose Bowl,1,2.3,Australia,England,AJ Finch,SPD Smith,JC Archer,0,0,,,,,,,,,
1198236,2020,2020-09-06,The Rose Bowl,1,2.4,Australia,England,AJ Finch,SPD Smith,JC Archer,0,0,,,,,,,,,
1198236,2020,2020-09-06,The Rose Bowl,1,2.5,Australia,England,AJ Finch,SPD Smith,JC Archer,0,0,,,,,,,,,
1198236,2020,2020-09-06,The Rose Bowl,1,2.6,Australia,England,AJ Finch,SPD Smith,JC Archer,1,0,,,,,,,,,
1198236,2020,2020-09-06,The Rose Bowl,1,3.1,Australia,England,AJ Finch,SPD Smith,MA Wood,0,0,,,,,,,,,
1198236,2020,2020-09-06,The Rose Bowl,1,3.2,Australia,England,AJ Finch,SPD Smith,MA Wood,0,0,,,,,,,,,
1198236,2020,2020-09-06,The Rose Bowl,1,3.3,Australia,England,AJ Finch,SPD Smith,MA Wood,4,0,,,,,,,,,
1198236,2020,2020-09-06,The Rose Bowl,1,3.4,Australia,England,AJ Finch,SPD Smith,MA Wood,0,0,,,,,,,,,
1198236,2020,2020-09-06,The Rose Bowl,1,3.5,Australia,England,AJ Finch,SPD Smith,MA Wood,4,0,,,,,,,,,
1198236,2020,2020-09-06,The Rose Bowl,1,3.6,Australia,England,AJ Finch,SPD Smith,MA Wood,2,0,,,,,,,,,
1198236,2020,2020-09-06,The Rose Bowl,1,4.1,Australia,England,SPD Smith,AJ Finch,TK Curran,4,0,,,,,,,,,
1198236,2020,2020-09-06,The Rose Bowl,1,4.2,Australia,England,SPD Smith,AJ Finch,TK Curran,0,0,,,,,,,,,
1198236,2020,2020-09-06,The Rose Bowl,1,4.3,Australia,England,SPD Smith,AJ Finch,TK Curran,0,0,,,,,,,,,
1198236,2020,2020-09-06,The Rose Bowl,1,4.4,Australia,England,SPD Smith,AJ Finch,TK Curran,6,0,,,,,,,,,
1198236,2020,2020-09-06,The Rose Bowl,1,4.5,Australia,England,SPD Smith,AJ Finch,TK Curran,0,0,,,,,,,,,
1198236,2020,2020-09-06,The Rose Bowl,1,4.6,Australia,England,SPD Smith,AJ Finch,TK Curran,0,0,,,,,,run out,SPD Smith,,
1198236,2020,2020-09-06,The Rose Bowl,1,5.1,Australia,England,MP Stoinis,AJ Finch,MA Wood,0,0,,,,,,,,,
1198236,2020,2020-09-06,The Rose Bowl,1,5.2,Australia,England,MP Stoinis,AJ Finch,MA Wood,0,0,,,,,,,,,
1198236,2020,2020-09-06,The Rose Bowl,1,5.3,Australia,England,MP Stoinis,AJ Finch,MA Wood,4,0,,,,,,,,,
1198236,2020,2020-09-06,The Rose Bowl,1,5.4,Australia,England,MP Stoinis,AJ Finch,MA Wood,4,0,,,,,,,,,
1198236,2020,2020-09-06,The Rose Bowl,1,5.5,Australia,England,MP Stoinis,AJ Finch,MA Wood,0,0,,,,,,,,,
1198236,2020,2020-09-06,The Rose Bowl,1,5.6,Australia,England,MP Stoinis,AJ Finch,MA Wood,1,0,,,,,,,,,
1198236,2020,2020-09-06,The Rose Bowl,1,6.1,Australia,England,MP Stoinis,AJ Finch,AU Rashid,1,0,,,,,,,,,
1198236,2020,2020-09-06,The Rose Bowl,1,6.2,Australia,England,AJ Finch,MP Stoinis,AU Rashid,0,0,,,,,,,,,
1198236,2020,2020-09-06,The Rose Bowl,1,6.3,Australia,England,AJ Finch,MP Stoinis,AU Rashid,0,0,,,,,,,,,
1198236,2020,2020-09-06,The Rose Bowl,1,6.4,Australia,England,AJ Finch,MP Stoinis,AU Rashid,1,0,,,,,,,,,
1198236,2020,2020-09-06,The Rose Bowl,1,6.5,Australia,England,MP Stoinis,AJ Finch,AU Rashid,0,0,,,,,,,,,
1198236,2020,2020-09-06,The Rose Bowl,1,6.6,Australia,England,MP Stoinis,AJ Finch,AU Rashid,0,0,,,,,,,,,
1198236,2020,2020-09-06,The Rose Bowl,1,7.1,Australia,England,AJ Finch,MP Stoinis,CJ Jordan,1,0,,,,,,,,,
1198236,2020,2020-09-06,The Rose Bowl,1,7.2,Australia,England,MP Stoinis,AJ Finch,CJ Jordan,6,0,,,,,,,,,
1198236,2020,2020-09-06,The Rose Bowl,1,7.3,Australia,England,MP Stoinis,AJ Finch,CJ Jordan,0,0,,,,,,,,,
1198236,2020,2020-09-06,The Rose Bowl,1,7.4,Australia,England,MP Stoinis,AJ Finch,CJ Jordan,0,0,,,,,,,,,
1198236,2020,2020-09-06,The Rose Bowl,1,7.5,Australia,England,MP Stoinis,AJ Finch,CJ Jordan,2,0,,,,,,,,,
1198236,2020,2020-09-06,The Rose Bowl,1,7.6,Australia,England,MP Stoinis,AJ Finch,CJ Jordan,2,0,,,,,,,,,
1198236,2020,2020-09-06,The Rose Bowl,1,8.1,Australia,England,AJ Finch,MP Stoinis,AU Rashid,1,0,,,,,,,,,
1198236,2020,2020-09-06,The Rose Bowl,1,8.2,Australia,England,MP Stoinis,AJ Finch,AU Rashid,1,0,,,,,,,,,
1198236,2020,2020-09-06,The Rose Bowl,1,8.3,Australia,England,AJ Finch,MP Stoinis,AU Rashid,1,0,,,,,,,,,
1198236,2020,2020-09-06,The Rose Bowl,1,8.4,Australia,England,MP Stoinis,AJ Finch,AU Rashid,1,0,,,,,,,,,
1198236,2020,2020-09-06,The Rose Bowl,1,8.5,Australia,England,AJ Finch,MP Stoinis,AU Rashid,0,0,,,,,,,,,
1198236,2020,2020-09-06,The Rose Bowl,1,8.6,Australia,England,AJ Finch,MP Stoinis,AU Rashid,0,0,,,,,,,,,
1198236,2020,2020-09-06,The Rose Bowl,1,9.1,Australia,England,MP Stoinis,AJ Finch,TK Curran,1,0,,,,,,,,,
1198236,2020,2020-09-06,The Rose Bowl,1,9.2,Australia,England,AJ Finch,MP Stoinis,TK Curran,0,0,,,,,,,,,
1198236,2020,2020-09-06,The Rose Bowl,1,9.3,Australia,England,AJ Finch,MP Stoinis,TK Curran,1,0,,,,,,,,,
1198236,2020,2020-09-06,The Rose Bowl,1,9.4,Australia,England,MP Stoinis,AJ Finch,TK Curran,0,0,,,,,,,,,
1198236,2020,2020-09-06,The Rose Bowl,1,9.5,Australia,England,MP Stoinis,AJ Finch,TK Curran,1,0,,,,,,,,,
1198236,2020,2020-09-06,The Rose Bowl,1,9.6,Australia,England,AJ Finch,MP Stoinis,TK Curran,1,0,,,,,,,,,
1198236,2020,2020-09-06,The Rose Bowl,1,10.1,Australia,England,AJ Finch,MP Stoinis,AU Rashid,1,0,,,,,,,,,
1198236,2020,2020-09-06,The Rose Bowl,1,10.2,Australia,England,MP Stoinis,AJ Finch,AU Rashid,1,0,,,,,,,,,
1198236,2020,2020-09-06,The Rose Bowl,1,10.3,Australia,England,AJ Finch,MP Stoinis,AU Rashid,0,0,,,,,,,,,
1198236,2020,2020-09-06,The Rose Bowl,1,10.4,Australia,England,AJ Finch,MP Stoinis,AU Rashid,6,0,,,,,,,,,
1198236,2020,2020-09-06,The Rose Bowl,1,10.5,Australia,England,AJ Finch,MP Stoinis,AU Rashid,1,0,,,,,,,,,
1198236,2020,2020-09-06,The Rose Bowl,1,10.6,Australia,England,MP Stoinis,AJ Finch,AU Rashid,0,0,,,,,,,,,
1198236,2020,2020-09-06,The Rose Bowl,1,11.1,Australia,England,AJ Finch,MP Stoinis,CJ Jordan,0,0,,,,,,,,,
1198236,2020,2020-09-06,The Rose Bowl,1,11.2,Australia,England,AJ Finch,MP Stoinis,CJ Jordan,4,0,,,,,,,,,
1198236,2020,2020-09-06,The Rose Bowl,1,11.3,Australia,England,AJ Finch,MP Stoinis,CJ Jordan,0,1,,,,1,,,,,
1198236,2020,2020-09-06,The Rose Bowl,1,11.4,Australia,England,MP Stoinis,AJ Finch,CJ Jordan,1,0,,,,,,,,,
1198236,2020,2020-09-06,The Rose Bowl,1,11.5,Australia,England,AJ Finch,MP Stoinis,CJ Jordan,4,0,,,,,,,,,
1198236,2020,2020-09-06,The Rose Bowl,1,11.6,Australia,England,AJ Finch,MP Stoinis,CJ Jordan,0,0,,,,,,bowled,AJ Finch,,
1198236,2020,2020-09-06,The Rose Bowl,1,12.1,Australia,England,MP Stoinis,GJ Maxwell,AU Rashid,6,0,,,,,,,,,
1198236,2020,2020-09-06,The Rose Bowl,1,12.2,Australia,England,MP Stoinis,GJ Maxwell,AU Rashid,1,0,,,,,,,,,
1198236,2020,2020-09-06,The Rose Bowl,1,12.3,Australia,England,GJ Maxwell,MP Stoinis,AU Rashid,0,0,,,,,,,,,
1198236,2020,2020-09-06,The Rose Bowl,1,12.4,Australia,England,GJ Maxwell,MP Stoinis,AU Rashid,1,0,,,,,,,,,
1198236,2020,2020-09-06,The Rose Bowl,1,12.5,Australia,England,MP Stoinis,GJ Maxwell,AU Rashid,2,0,,,,,,,,,
1198236,2020,2020-09-06,The Rose Bowl,1,12.6,Australia,England,MP Stoinis,GJ Maxwell,AU Rashid,0,0,,,,,,caught,MP Stoinis,,
1198236,2020,2020-09-06,The Rose Bowl,1,13.1,Australia,England,GJ Maxwell,AC Agar,MA Wood,1,0,,,,,,,,,
1198236,2020,2020-09-06,The Rose Bowl,1,13.2,Australia,England,AC Agar,GJ Maxwell,MA Wood,0,0,,,,,,,,,
1198236,2020,2020-09-06,The Rose Bowl,1,13.3,Australia,England,AC Agar,GJ Maxwell,MA Wood,1,0,,,,,,,,,
1198236,2020,2020-09-06,The Rose Bowl,1,13.4,Australia,England,GJ Maxwell,AC Agar,MA Wood,1,0,,,,,,,,,
1198236,2020,2020-09-06,The Rose Bowl,1,13.5,Australia,England,AC Agar,GJ Maxwell,MA Wood,0,0,,,,,,,,,
1198236,2020,2020-09-06,The Rose Bowl,1,13.6,Australia,England,AC Agar,GJ Maxwell,MA Wood,1,0,,,,,,,,,
1198236,2020,2020-09-06,The Rose Bowl,1,14.1,Australia,England,AC Agar,GJ Maxwell,MM Ali,0,0,,,,,,,,,
1198236,2020,2020-09-06,The Rose Bowl,1,14.2,Australia,England,AC Agar,GJ Maxwell,MM Ali,1,0,,,,,,,,,
1198236,2020,2020-09-06,The Rose Bowl,1,14.3,Australia,England,GJ Maxwell,AC Agar,MM Ali,1,0,,,,,,,,,
1198236,2020,2020-09-06,The Rose Bowl,1,14.4,Australia,England,AC Agar,GJ Maxwell,MM Ali,4,0,,,,,,,,,
1198236,2020,2020-09-06,The Rose Bowl,1,14.5,Australia,England,AC Agar,GJ Maxwell,MM Ali,1,0,,,,,,,,,
1198236,2020,2020-09-06,The Rose Bowl,1,14.6,Australia,England,GJ Maxwell,AC Agar,MM Ali,1,0,,,,,,,,,
1198236,2020,2020-09-06,The Rose Bowl,1,15.1,Australia,England,GJ Maxwell,AC Agar,CJ Jordan,2,0,,,,,,,,,
1198236,2020,2020-09-06,The Rose Bowl,1,15.2,Australia,England,GJ Maxwell,AC Agar,CJ Jordan,1,0,,,,,,,,,
1198236,2020,2020-09-06,The Rose Bowl,1,15.3,Australia,England,AC Agar,GJ Maxwell,CJ Jordan,2,0,,,,,,,,,
1198236,2020,2020-09-06,The Rose Bowl,1,15.4,Australia,England,AC Agar,GJ Maxwell,CJ Jordan,1,0,,,,,,,,,
1198236,2020,2020-09-06,The Rose Bowl,1,15.5,Australia,England,GJ Maxwell,AC Agar,CJ Jordan,2,0,,,,,,,,,
1198236,2020,2020-09-06,The Rose Bowl,1,15.6,Australia,England,GJ Maxwell,AC Agar,CJ Jordan,1,0,,,,,,,,,
1198236,2020,2020-09-06,The Rose Bowl,1,16.1,Australia,England,GJ Maxwell,AC Agar,JC Archer,1,0,,,,,,,,,
1198236,2020,2020-09-06,The Rose Bowl,1,16.2,Australia,England,AC Agar,GJ Maxwell,JC Archer,1,0,,,,,,,,,
1198236,2020,2020-09-06,The Rose Bowl,1,16.3,Australia,England,GJ Maxwell,AC Agar,JC Archer,1,0,,,,,,,,,
1198236,2020,2020-09-06,The Rose Bowl,1,16.4,Australia,England,AC Agar,GJ Maxwell,JC Archer,2,0,,,,,,,,,
1198236,2020,2020-09-06,The Rose Bowl,1,16.5,Australia,England,AC Agar,GJ Maxwell,JC Archer,2,0,,,,,,,,,
1198236,2020,2020-09-06,The Rose Bowl,1,16.6,Australia,England,AC Agar,GJ Maxwell,JC Archer,0,0,,,,,,,,,
1198236,2020,2020-09-06,The Rose Bowl,1,17.1,Australia,England,GJ Maxwell,AC Agar,TK Curran,6,0,,,,,,,,,
1198236,2020,2020-09-06,The Rose Bowl,1,17.2,Australia,England,GJ Maxwell,AC Agar,TK Curran,1,0,,,,,,,,,
1198236,2020,2020-09-06,The Rose Bowl,1,17.3,Australia,England,AC Agar,GJ Maxwell,TK Curran,1,0,,,,,,,,,
1198236,2020,2020-09-06,The Rose Bowl,1,17.4,Australia,England,GJ Maxwell,AC Agar,TK Curran,1,0,,,,,,,,,
1198236,2020,2020-09-06,The Rose Bowl,1,17.5,Australia,England,AC Agar,GJ Maxwell,TK Curran,1,0,,,,,,,,,
1198236,2020,2020-09-06,The Rose Bowl,1,17.6,Australia,England,GJ Maxwell,AC Agar,TK Curran,1,0,,,,,,,,,
1198236,2020,2020-09-06,The Rose Bowl,1,18.1,Australia,England,GJ Maxwell,AC Agar,CJ Jordan,4,0,,,,,,,,,
1198236,2020,2020-09-06,The Rose Bowl,1,18.2,Australia,England,GJ Maxwell,AC Agar,CJ Jordan,0,0,,,,,,caught,GJ Maxwell,,
1198236,2020,2020-09-06,The Rose Bowl,1,18.3,Australia,England,PJ Cummins,AC Agar,CJ Jordan,1,0,,,,,,,,,
1198236,2020,2020-09-06,The Rose Bowl,1,18.4,Australia,England,AC Agar,PJ Cummins,CJ Jordan,4,0,,,,,,,,,
1198236,2020,2020-09-06,The Rose Bowl,1,18.5,Australia,England,AC Agar,PJ Cummins,CJ Jordan,1,0,,,,,,,,,
1198236,2020,2020-09-06,The Rose Bowl,1,18.6,Australia,England,PJ Cummins,AC Agar,CJ Jordan,1,0,,,,,,,,,
1198236,2020,2020-09-06,The Rose Bowl,1,19.1,Australia,England,PJ Cummins,AC Agar,JC Archer,1,0,,,,,,,,,
1198236,2020,2020-09-06,The Rose Bowl,1,19.2,Australia,England,AC Agar,PJ Cummins,JC Archer,0,1,1,,,,,,,,
1198236,2020,2020-09-06,The Rose Bowl,1,19.3,Australia,England,AC Agar,PJ Cummins,JC Archer,0,1,,,,1,,,,,
1198236,2020,2020-09-06,The Rose Bowl,1,19.4,Australia,England,PJ Cummins,AC Agar,JC Archer,0,1,1,,,,,,,,
1198236,2020,2020-09-06,The Rose Bowl,1,19.5,Australia,England,PJ Cummins,AC Agar,JC Archer,4,0,,,,,,,,,
1198236,2020,2020-09-06,The Rose Bowl,1,19.6,Australia,England,PJ Cummins,AC Agar,JC Archer,6,0,,,,,,,,,
1198236,2020,2020-09-06,The Rose Bowl,1,19.7,Australia,England,PJ Cummins,AC Agar,JC Archer,0,2,2,,,,,,,,
1198236,2020,2020-09-06,The Rose Bowl,1,19.8,Australia,England,AC Agar,PJ Cummins,JC Archer,0,0,,,,,,run out,AC Agar,,
1198236,2020,2020-09-06,The Rose Bowl,1,19.9,Australia,England,MA Starc,PJ Cummins,JC Archer,2,0,,,,,,,,,
1198236,2020,2020-09-06,The Rose Bowl,2,0.1,England,Australia,JC Buttler,JM Bairstow,MA Starc,1,0,,,,,,,,,
1198236,2020,2020-09-06,The Rose Bowl,2,0.2,England,Australia,JM Bairstow,JC Buttler,MA Starc,0,0,,,,,,,,,
1198236,2020,2020-09-06,The Rose Bowl,2,0.3,England,Australia,JM Bairstow,JC Buttler,MA Starc,0,0,,,,,,,,,
1198236,2020,2020-09-06,The Rose Bowl,2,0.4,England,Australia,JM Bairstow,JC Buttler,MA Starc,0,0,,,,,,,,,
1198236,2020,2020-09-06,The Rose Bowl,2,0.5,England,Australia,JM Bairstow,JC Buttler,MA Starc,0,0,,,,,,,,,
1198236,2020,2020-09-06,The Rose Bowl,2,0.6,England,Australia,JM Bairstow,JC Buttler,MA Starc,0,4,,,,4,,,,,
1198236,2020,2020-09-06,The Rose Bowl,2,1.1,England,Australia,JC Buttler,JM Bairstow,PJ Cummins,0,0,,,,,,,,,
1198236,2020,2020-09-06,The Rose Bowl,2,1.2,England,Australia,JC Buttler,JM Bairstow,PJ Cummins,0,0,,,,,,,,,
1198236,2020,2020-09-06,The Rose Bowl,2,1.3,England,Australia,JC Buttler,JM Bairstow,PJ Cummins,1,0,,,,,,,,,
1198236,2020,2020-09-06,The Rose Bowl,2,1.4,England,Australia,JM Bairstow,JC Buttler,PJ Cummins,1,0,,,,,,,,,
1198236,2020,2020-09-06,The Rose Bowl,2,1.5,England,Australia,JC Buttler,JM Bairstow,PJ Cummins,4,0,,,,,,,,,
1198236,2020,2020-09-06,The Rose Bowl,2,1.6,England,Australia,JC Buttler,JM Bairstow,PJ Cummins,0,0,,,,,,,,,
1198236,2020,2020-09-06,The Rose Bowl,2,2.1,England,Australia,JM Bairstow,JC Buttler,MA Starc,4,0,,,,,,,,,
1198236,2020,2020-09-06,The Rose Bowl,2,2.2,England,Australia,JM Bairstow,JC Buttler,MA Starc,4,0,,,,,,,,,
1198236,2020,2020-09-06,The Rose Bowl,2,2.3,England,Australia,JM Bairstow,JC Buttler,MA Starc,0,0,,,,,,,,,
1198236,2020,2020-09-06,The Rose Bowl,2,2.4,England,Australia,JM Bairstow,JC Buttler,MA Starc,0,0,,,,,,,,,
1198236,2020,2020-09-06,The Rose Bowl,2,2.5,England,Australia,JM Bairstow,JC Buttler,MA Starc,0,0,,,,,,hit wicket,JM Bairstow,,
1198236,2020,2020-09-06,The Rose Bowl,2,2.6,England,Australia,DJ Malan,JC Buttler,MA Starc,1,0,,,,,,,,,
1198236,2020,2020-09-06,The Rose Bowl,2,3.1,England,Australia,DJ Malan,JC Buttler,KW Richardson,1,0,,,,,,,,,
1198236,2020,2020-09-06,The Rose Bowl,2,3.2,England,Australia,JC Buttler,DJ Malan,KW Richardson,0,0,,,,,,,,,
1198236,2020,2020-09-06,The Rose Bowl,2,3.3,England,Australia,JC Buttler,DJ Malan,KW Richardson,0,0,,,,,,,,,
1198236,2020,2020-09-06,The Rose Bowl,2,3.4,England,Australia,JC Buttler,DJ Malan,KW Richardson,0,0,,,,,,,,,
1198236,2020,2020-09-06,The Rose Bowl,2,3.5,England,Australia,JC Buttler,DJ Malan,KW Richardson,0,0,,,,,,,,,
1198236,2020,2020-09-06,The Rose Bowl,2,3.6,England,Australia,JC Buttler,DJ Malan,KW Richardson,6,0,,,,,,,,,
1198236,2020,2020-09-06,The Rose Bowl,2,4.1,England,Australia,DJ Malan,JC Buttler,MA Starc,0,0,,,,,,,,,
1198236,2020,2020-09-06,The Rose Bowl,2,4.2,England,Australia,DJ Malan,JC Buttler,MA Starc,0,0,,,,,,,,,
1198236,2020,2020-09-06,The Rose Bowl,2,4.3,England,Australia,DJ Malan,JC Buttler,MA Starc,0,0,,,,,,,,,
1198236,2020,2020-09-06,The Rose Bowl,2,4.4,England,Australia,DJ Malan,JC Buttler,MA Starc,0,1,1,,,,,,,,
1198236,2020,2020-09-06,The Rose Bowl,2,4.5,England,Australia,DJ Malan,JC Buttler,MA Starc,4,0,,,,,,,,,
1198236,2020,2020-09-06,The Rose Bowl,2,4.6,England,Australia,DJ Malan,JC Buttler,MA Starc,1,0,,,,,,,,,
1198236,2020,2020-09-06,The Rose Bowl,2,4.7,England,Australia,JC Buttler,DJ Malan,MA Starc,4,0,,,,,,,,,
1198236,2020,2020-09-06,The Rose Bowl,2,5.1,England,Australia,DJ Malan,JC Buttler,PJ Cummins,1,0,,,,,,,,,
1198236,2020,2020-09-06,The Rose Bowl,2,5.2,England,Australia,JC Buttler,DJ Malan,PJ Cummins,0,0,,,,,,,,,
1198236,2020,2020-09-06,The Rose Bowl,2,5.3,England,Australia,JC Buttler,DJ Malan,PJ Cummins,1,0,,,,,,,,,
1198236,2020,2020-09-06,The Rose Bowl,2,5.4,England,Australia,DJ Malan,JC Buttler,PJ Cummins,0,0,,,,,,,,,
1198236,2020,2020-09-06,The Rose Bowl,2,5.5,England,Australia,DJ Malan,JC Buttler,PJ Cummins,0,1,1,,,,,,,,
1198236,2020,2020-09-06,The Rose Bowl,2,5.6,England,Australia,DJ Malan,JC Buttler,PJ Cummins,0,0,,,,,,,,,
1198236,2020,2020-09-06,The Rose Bowl,2,5.7,England,Australia,DJ Malan,JC Buttler,PJ Cummins,4,0,,,,,,,,,
1198236,2020,2020-09-06,The Rose Bowl,2,6.1,England,Australia,JC Buttler,DJ Malan,GJ Maxwell,0,0,,,,,,,,,
1198236,2020,2020-09-06,The Rose Bowl,2,6.2,England,Australia,JC Buttler,DJ Malan,GJ Maxwell,1,0,,,,,,,,,
1198236,2020,2020-09-06,The Rose Bowl,2,6.3,England,Australia,DJ Malan,JC Buttler,GJ Maxwell,1,0,,,,,,,,,
1198236,2020,2020-09-06,The Rose Bowl,2,6.4,England,Australia,JC Buttler,DJ Malan,GJ Maxwell,2,0,,,,,,,,,
1198236,2020,2020-09-06,The Rose Bowl,2,6.5,England,Australia,JC Buttler,DJ Malan,GJ Maxwell,0,0,,,,,,,,,
1198236,2020,2020-09-06,The Rose Bowl,2,6.6,England,Australia,JC Buttler,DJ Malan,GJ Maxwell,1,0,,,,,,,,,
1198236,2020,2020-09-06,The Rose Bowl,2,7.1,England,Australia,JC Buttler,DJ Malan,A Zampa,0,0,,,,,,,,,
1198236,2020,2020-09-06,The Rose Bowl,2,7.2,England,Australia,JC Buttler,DJ Malan,A Zampa,1,0,,,,,,,,,
1198236,2020,2020-09-06,The Rose Bowl,2,7.3,England,Australia,DJ Malan,JC Buttler,A Zampa,1,0,,,,,,,,,
1198236,2020,2020-09-06,The Rose Bowl,2,7.4,England,Australia,JC Buttler,DJ Malan,A Zampa,1,0,,,,,,,,,
1198236,2020,2020-09-06,The Rose Bowl,2,7.5,England,Australia,DJ Malan,JC Buttler,A Zampa,0,0,,,,,,,,,
1198236,2020,2020-09-06,The Rose Bowl,2,7.6,England,Australia,DJ Malan,JC Buttler,A Zampa,1,0,,,,,,,,,
1198236,2020,2020-09-06,The Rose Bowl,2,8.1,England,Australia,DJ Malan,JC Buttler,GJ Maxwell,4,0,,,,,,,,,
1198236,2020,2020-09-06,The Rose Bowl,2,8.2,England,Australia,DJ Malan,JC Buttler,GJ Maxwell,4,0,,,,,,,,,
1198236,2020,2020-09-06,The Rose Bowl,2,8.3,England,Australia,DJ Malan,JC Buttler,GJ Maxwell,0,0,,,,,,,,,
1198236,2020,2020-09-06,The Rose Bowl,2,8.4,England,Australia,DJ Malan,JC Buttler,GJ Maxwell,1,0,,,,,,,,,
1198236,2020,2020-09-06,The Rose Bowl,2,8.5,England,Australia,JC Buttler,DJ Malan,GJ Maxwell,1,0,,,,,,,,,
1198236,2020,2020-09-06,The Rose Bowl,2,8.6,England,Australia,DJ Malan,JC Buttler,GJ Maxwell,1,0,,,,,,,,,
1198236,2020,2020-09-06,The Rose Bowl,2,9.1,England,Australia,DJ Malan,JC Buttler,A Zampa,4,0,,,,,,,,,
1198236,2020,2020-09-06,The Rose Bowl,2,9.2,England,Australia,DJ Malan,JC Buttler,A Zampa,4,0,,,,,,,,,
1198236,2020,2020-09-06,The Rose Bowl,2,9.3,England,Australia,DJ Malan,JC Buttler,A Zampa,1,0,,,,,,,,,
1198236,2020,2020-09-06,The Rose Bowl,2,9.4,England,Australia,JC Buttler,DJ Malan,A Zampa,1,0,,,,,,,,,
1198236,2020,2020-09-06,The Rose Bowl,2,9.5,England,Australia,DJ Malan,JC Buttler,A Zampa,0,0,,,,,,,,,
1198236,2020,2020-09-06,The Rose Bowl,2,9.6,England,Australia,DJ Malan,JC Buttler,A Zampa,0,0,,,,,,,,,
1198236,2020,2020-09-06,The Rose Bowl,2,10.1,England,Australia,JC Buttler,DJ Malan,KW Richardson,1,0,,,,,,,,,
1198236,2020,2020-09-06,The Rose Bowl,2,10.2,England,Australia,DJ Malan,JC Buttler,KW Richardson,1,0,,,,,,,,,
1198236,2020,2020-09-06,The Rose Bowl,2,10.3,England,Australia,JC Buttler,DJ Malan,KW Richardson,2,0,,,,,,,,,
1198236,2020,2020-09-06,The Rose Bowl,2,10.4,England,Australia,JC Buttler,DJ Malan,KW Richardson,2,0,,,,,,,,,
1198236,2020,2020-09-06,The Rose Bowl,2,10.5,England,Australia,JC Buttler,DJ Malan,KW Richardson,4,0,,,,,,,,,
1198236,2020,2020-09-06,The Rose Bowl,2,10.6,England,Australia,JC Buttler,DJ Malan,KW Richardson,2,0,,,,,,,,,
1198236,2020,2020-09-06,The Rose Bowl,2,11.1,England,Australia,DJ Malan,JC Buttler,AC Agar,1,0,,,,,,,,,
1198236,2020,2020-09-06,The Rose Bowl,2,11.2,England,Australia,JC Buttler,DJ Malan,AC Agar,4,0,,,,,,,,,
1198236,2020,2020-09-06,The Rose Bowl,2,11.3,England,Australia,JC Buttler,DJ Malan,AC Agar,1,0,,,,,,,,,
1198236,2020,2020-09-06,The Rose Bowl,2,11.4,England,Australia,DJ Malan,JC Buttler,AC Agar,0,0,,,,,,,,,
1198236,2020,2020-09-06,The Rose Bowl,2,11.5,England,Australia,DJ Malan,JC Buttler,AC Agar,1,0,,,,,,,,,
1198236,2020,2020-09-06,The Rose Bowl,2,11.6,England,Australia,JC Buttler,DJ Malan,AC Agar,1,0,,,,,,,,,
1198236,2020,2020-09-06,The Rose Bowl,2,12.1,England,Australia,JC Buttler,DJ Malan,PJ Cummins,1,0,,,,,,,,,
1198236,2020,2020-09-06,The Rose Bowl,2,12.2,England,Australia,DJ Malan,JC Buttler,PJ Cummins,4,0,,,,,,,,,
1198236,2020,2020-09-06,The Rose Bowl,2,12.3,England,Australia,DJ Malan,JC Buttler,PJ Cummins,1,0,,,,,,,,,
1198236,2020,2020-09-06,The Rose Bowl,2,12.4,England,Australia,JC Buttler,DJ Malan,PJ Cummins,0,0,,,,,,,,,
1198236,2020,2020-09-06,The Rose Bowl,2,12.5,England,Australia,JC Buttler,DJ Malan,PJ Cummins,4,0,,,,,,,,,
1198236,2020,2020-09-06,The Rose Bowl,2,12.6,England,Australia,JC Buttler,DJ Malan,PJ Cummins,1,0,,,,,,,,,
1198236,2020,2020-09-06,The Rose Bowl,2,13.1,England,Australia,JC Buttler,DJ Malan,AC Agar,1,0,,,,,,,,,
1198236,2020,2020-09-06,The Rose Bowl,2,13.2,England,Australia,DJ Malan,JC Buttler,AC Agar,0,0,,,,,,caught,DJ Malan,,
1198236,2020,2020-09-06,The Rose Bowl,2,13.3,England,Australia,JC Buttler,T Banton,AC Agar,4,0,,,,,,,,,
1198236,2020,2020-09-06,The Rose Bowl,2,13.4,England,Australia,JC Buttler,T Banton,AC Agar,4,0,,,,,,,,,
1198236,2020,2020-09-06,The Rose Bowl,2,13.5,England,Australia,JC Buttler,T Banton,AC Agar,1,0,,,,,,,,,
1198236,2020,2020-09-06,The Rose Bowl,2,13.6,England,Australia,T Banton,JC Buttler,AC Agar,0,0,,,,,,,,,
1198236,2020,2020-09-06,The Rose Bowl,2,14.1,England,Australia,JC Buttler,T Banton,MA Starc,2,0,,,,,,,,,
1198236,2020,2020-09-06,The Rose Bowl,2,14.2,England,Australia,JC Buttler,T Banton,MA Starc,0,0,,,,,,,,,
1198236,2020,2020-09-06,The Rose Bowl,2,14.3,England,Australia,JC Buttler,T Banton,MA Starc,0,0,,,,,,,,,
1198236,2020,2020-09-06,The Rose Bowl,2,14.4,England,Australia,JC Buttler,T Banton,MA Starc,0,1,1,,,,,,,,
1198236,2020,2020-09-06,The Rose Bowl,2,14.5,England,Australia,JC Buttler,T Banton,MA Starc,0,1,,,,1,,,,,
1198236,2020,2020-09-06,The Rose Bowl,2,14.6,England,Australia,T Banton,JC Buttler,MA Starc,2,0,,,,,,,,,
1198236,2020,2020-09-06,The Rose Bowl,2,14.7,England,Australia,T Banton,JC Buttler,MA Starc,0,0,,,,,,,,,
1198236,2020,2020-09-06,The Rose Bowl,2,15.1,England,Australia,JC Buttler,T Banton,AC Agar,1,0,,,,,,,,,
1198236,2020,2020-09-06,The Rose Bowl,2,15.2,England,Australia,T Banton,JC Buttler,AC Agar,0,0,,,,,,caught,T Banton,,
1198236,2020,2020-09-06,The Rose Bowl,2,15.3,England,Australia,EJG Morgan,JC Buttler,AC Agar,1,0,,,,,,,,,
1198236,2020,2020-09-06,The Rose Bowl,2,15.4,England,Australia,JC Buttler,EJG Morgan,AC Agar,1,0,,,,,,,,,
1198236,2020,2020-09-06,The Rose Bowl,2,15.5,England,Australia,EJG Morgan,JC Buttler,AC Agar,1,0,,,,,,,,,
1198236,2020,2020-09-06,The Rose Bowl,2,15.6,England,Australia,JC Buttler,EJG Morgan,AC Agar,0,0,,,,,,,,,
1198236,2020,2020-09-06,The Rose Bowl,2,16.1,England,Australia,EJG Morgan,JC Buttler,A Zampa,1,0,,,,,,,,,
1198236,2020,2020-09-06,The Rose Bowl,2,16.2,England,Australia,JC Buttler,EJG Morgan,A Zampa,4,0,,,,,,,,,
1198236,2020,2020-09-06,The Rose Bowl,2,16.3,England,Australia,JC Buttler,EJG Morgan,A Zampa,1,0,,,,,,,,,
1198236,2020,2020-09-06,The Rose Bowl,2,16.4,England,Australia,EJG Morgan,JC Buttler,A Zampa,4,0,,,,,,,,,
1198236,2020,2020-09-06,The Rose Bowl,2,16.5,England,Australia,EJG Morgan,JC Buttler,A Zampa,0,0,,,,,,,,,
1198236,2020,2020-09-06,The Rose Bowl,2,16.6,England,Australia,EJG Morgan,JC Buttler,A Zampa,0,0,,,,,,caught,EJG Morgan,,
1198236,2020,2020-09-06,The Rose Bowl,2,17.1,England,Australia,JC Buttler,MM Ali,AC Agar,1,0,,,,,,,,,
1198236,2020,2020-09-06,The Rose Bowl,2,17.2,England,Australia,MM Ali,JC Buttler,AC Agar,1,0,,,,,,,,,
1198236,2020,2020-09-06,The Rose Bowl,2,17.3,England,Australia,JC Buttler,MM Ali,AC Agar,1,0,,,,,,,,,
1198236,2020,2020-09-06,The Rose Bowl,2,17.4,England,Australia,MM Ali,JC Buttler,AC Agar,0,0,,,,,,,,,
1198236,2020,2020-09-06,The Rose Bowl,2,17.5,England,Australia,MM Ali,JC Buttler,AC Agar,1,0,,,,,,,,,
1198236,2020,2020-09-06,The Rose Bowl,2,17.6,England,Australia,JC Buttler,MM Ali,AC Agar,1,0,,,,,,,,,
1198236,2020,2020-09-06,The Rose Bowl,2,18.1,England,Australia,JC Buttler,MM Ali,A Zampa,1,0,,,,,,,,,
1198236,2020,2020-09-06,The Rose Bowl,2,18.2,England,Australia,MM Ali,JC Buttler,A Zampa,6,0,,,,,,,,,
1198236,2020,2020-09-06,The Rose Bowl,2,18.3,England,Australia,MM Ali,JC Buttler,A Zampa,4,0,,,,,,,,,
1198236,2020,2020-09-06,The Rose Bowl,2,18.4,England,Australia,MM Ali,JC Buttler,A Zampa,1,0,,,,,,,,,
1198236,2020,2020-09-06,The Rose Bowl,2,18.5,England,Australia,JC Buttler,MM Ali,A Zampa,6,0,,,,,,,,,
