match_id,season,start_date,venue,innings,ball,batting_team,bowling_team,striker,non_striker,bowler,runs_off_bat,extras,wides,noballs,byes,legbyes,penalty,wicket_type,player_dismissed,other_wicket_type,other_player_dismissed
1273737,2021/22,2021-10-30,Dubai International Cricket Stadium,1,0.1,Australia,England,DA Warner,AJ Finch,AU Rashid,1,0,,,,,,,,,
1273737,2021/22,2021-10-30,Dubai International Cricket Stadium,1,0.2,Australia,England,AJ Finch,DA Warner,AU Rashid,0,0,,,,,,,,,
1273737,2021/22,2021-10-30,Dubai International Cricket Stadium,1,0.3,Australia,England,AJ Finch,DA Warner,AU Rashid,0,0,,,,,,,,,
1273737,2021/22,2021-10-30,Dubai International Cricket Stadium,1,0.4,Australia,England,AJ Finch,DA Warner,AU Rashid,0,0,,,,,,,,,
1273737,2021/22,2021-10-30,Dubai International Cricket Stadium,1,0.5,Australia,England,AJ Finch,DA Warner,AU Rashid,4,0,,,,,,,,,
1273737,2021/22,2021-10-30,Dubai International Cricket Stadium,1,0.6,Australia,England,AJ Finch,DA Warner,AU Rashid,1,0,,,,,,,,,
1273737,2021/22,2021-10-30,Dubai International Cricket Stadium,1,1.1,Australia,England,AJ Finch,DA Warner,CR Woakes,1,0,,,,,,,,,
1273737,2021/22,2021-10-30,Dubai International Cricket Stadium,1,1.2,Australia,England,DA Warner,AJ Finch,CR Woakes,0,0,,,,,,caught,DA Warner,,
1273737,2021/22,2021-10-30,Dubai International Cricket Stadium,1,1.3,Australia,England,SPD Smith,AJ Finch,CR Woakes,0,0,,,,,,,,,
1273737,2021/22,2021-10-30,Dubai International Cricket Stadium,1,1.4,Australia,England,SPD Smith,AJ Finch,CR Woakes,0,0,,,,,,,,,
1273737,2021/22,2021-10-30,Dubai International Cricket Stadium,1,1.5,Australia,England,SPD Smith,AJ Finch,CR Woakes,0,0,,,,,,,,,
1273737,2021/22,2021-10-30,Dubai International Cricket Stadium,1,1.6,Australia,England,SPD Smith,AJ Finch,CR Woakes,1,0,,,,,,,,,
1273737,2021/22,2021-10-30,Dubai International Cricket Stadium,1,2.1,Australia,England,SPD Smith,AJ Finch,CJ Jordan,0,0,,,,,,caught,SPD Smith,,
1273737,2021/22,2021-10-30,Dubai International Cricket Stadium,1,2.2,Australia,England,GJ Maxwell,AJ Finch,CJ Jordan,0,0,,,,,,,,,
1273737,2021/22,2021-10-30,Dubai International Cricket Stadium,1,2.3,Australia,England,GJ Maxwell,AJ Finch,CJ Jordan,1,0,,,,,,,,,
1273737,2021/22,2021-10-30,Dubai International Cricket Stadium,1,2.4,Australia,England,AJ Finch,GJ Maxwell,CJ Jordan,1,0,,,,,,,,,
1273737,2021/22,2021-10-30,Dubai International Cricket Stadium,1,2.5,Australia,England,GJ Maxwell,AJ Finch,CJ Jordan,0,0,,,,,,,,,
1273737,2021/22,2021-10-30,Dubai International Cricket Stadium,1,2.6,Australia,England,GJ Maxwell,AJ Finch,CJ Jordan,1,0,,,,,,,,,
1273737,2021/22,2021-10-30,Dubai International Cricket Stadium,1,3.1,Australia,England,GJ Maxwell,AJ Finch,CR Woakes,2,0,,,,,,,,,
1273737,2021/22,2021-10-30,Dubai International Cricket Stadium,1,3.2,Australia,England,GJ Maxwell,AJ Finch,CR Woakes,0,0,,,,,,,,,
1273737,2021/22,2021-10-30,Dubai International Cricket Stadium,1,3.3,Australia,England,GJ Maxwell,AJ Finch,CR Woakes,0,0,,,,,,,,,
1273737,2021/22,2021-10-30,Dubai International Cricket Stadium,1,3.4,Australia,England,GJ Maxwell,AJ Finch,CR Woakes,2,0,,,,,,,,,
1273737,2021/22,2021-10-30,Dubai International Cricket Stadium,1,3.5,Australia,England,GJ Maxwell,AJ Finch,CR Woakes,0,0,,,,,,lbw,GJ Maxwell,,
1273737,2021/22,2021-10-30,Dubai International Cricket Stadium,1,3.6,Australia,England,MP Stoinis,AJ Finch,CR Woakes,0,0,,,,,,,,,
1273737,2021/22,2021-10-30,Dubai International Cricket Stadium,1,4.1,Australia,England,AJ Finch,MP Stoinis,CJ Jordan,0,0,,,,,,,,,
1273737,2021/22,2021-10-30,Dubai International Cricket Stadium,1,4.2,Australia,England,AJ Finch,MP Stoinis,CJ Jordan,2,0,,,,,,,,,
1273737,2021/22,2021-10-30,Dubai International Cricket Stadium,1,4.3,Australia,England,AJ Finch,MP Stoinis,CJ Jordan,0,0,,,,,,,,,
1273737,2021/22,2021-10-30,Dubai International Cricket Stadium,1,4.4,Australia,England,AJ Finch,MP Stoinis,CJ Jordan,0,0,,,,,,,,,
1273737,2021/22,2021-10-30,Dubai International Cricket Stadium,1,4.5,Australia,England,AJ Finch,MP Stoinis,CJ Jordan,0,0,,,,,,,,,
1273737,2021/22,2021-10-30,Dubai International Cricket Stadium,1,4.6,Australia,England,AJ Finch,MP Stoinis,CJ Jordan,2,0,,,,,,,,,
1273737,2021/22,2021-10-30,Dubai International Cricket Stadium,1,5.1,Australia,England,MP Stoinis,AJ Finch,CR Woakes,0,0,,,,,,,,,
1273737,2021/22,2021-10-30,Dubai International Cricket Stadium,1,5.2,Australia,England,MP Stoinis,AJ Finch,CR Woakes,0,1,1,,,,,,,,
1273737,2021/22,2021-10-30,Dubai International Cricket Stadium,1,5.3,Australia,England,MP Stoinis,AJ Finch,CR Woakes,0,1,,,,1,,,,,
1273737,2021/22,2021-10-30,Dubai International Cricket Stadium,1,5.4,Australia,England,AJ Finch,MP Stoinis,CR Woakes,0,0,,,,,,,,,
1273737,2021/22,2021-10-30,Dubai International Cricket Stadium,1,5.5,Australia,England,AJ Finch,MP Stoinis,CR Woakes,0,0,,,,,,,,,
1273737,2021/22,2021-10-30,Dubai International Cricket Stadium,1,5.6,Australia,England,AJ Finch,MP Stoinis,CR Woakes,0,0,,,,,,,,,
1273737,2021/22,2021-10-30,Dubai International Cricket Stadium,1,5.7,Australia,England,AJ Finch,MP Stoinis,CR Woakes,0,0,,,,,,,,,
1273737,2021/22,2021-10-30,Dubai International Cricket Stadium,1,6.1,Australia,England,MP Stoinis,AJ Finch,AU Rashid,0,0,,,,,,lbw,MP Stoinis,,
1273737,2021/22,2021-10-30,Dubai International Cricket Stadium,1,6.2,Australia,England,MS Wade,AJ Finch,AU Rashid,0,0,,,,,,,,,
1273737,2021/22,2021-10-30,Dubai International Cricket Stadium,1,6.3,Australia,England,MS Wade,AJ Finch,AU Rashid,1,0,,,,,,,,,
1273737,2021/22,2021-10-30,Dubai International Cricket Stadium,1,6.4,Australia,England,AJ Finch,MS Wade,AU Rashid,1,0,,,,,,,,,
1273737,2021/22,2021-10-30,Dubai International Cricket Stadium,1,6.5,Australia,England,MS Wade,AJ Finch,AU Rashid,4,0,,,,,,,,,
1273737,2021/22,2021-10-30,Dubai International Cricket Stadium,1,6.6,Australia,England,MS Wade,AJ Finch,AU Rashid,0,0,,,,,,,,,
1273737,2021/22,2021-10-30,Dubai International Cricket Stadium,1,7.1,Australia,England,AJ Finch,MS Wade,LS Livingstone,1,0,,,,,,,,,
1273737,2021/22,2021-10-30,Dubai International Cricket Stadium,1,7.2,Australia,England,MS Wade,AJ Finch,LS Livingstone,1,0,,,,,,,,,
1273737,2021/22,2021-10-30,Dubai International Cricket Stadium,1,7.3,Australia,England,AJ Finch,MS Wade,LS Livingstone,2,0,,,,,,,,,
1273737,2021/22,2021-10-30,Dubai International Cricket Stadium,1,7.4,Australia,England,AJ Finch,MS Wade,LS Livingstone,0,0,,,,,,,,,
1273737,2021/22,2021-10-30,Dubai International Cricket Stadium,1,7.5,Australia,England,AJ Finch,MS Wade,LS Livingstone,1,0,,,,,,,,,
1273737,2021/22,2021-10-30,Dubai International Cricket Stadium,1,7.6,Australia,England,MS Wade,AJ Finch,LS Livingstone,0,0,,,,,,,,,
1273737,2021/22,2021-10-30,Dubai International Cricket Stadium,1,8.1,Australia,England,AJ Finch,MS Wade,AU Rashid,1,0,,,,,,,,,
1273737,2021/22,2021-10-30,Dubai International Cricket Stadium,1,8.2,Australia,England,MS Wade,AJ Finch,AU Rashid,0,0,,,,,,,,,
1273737,2021/22,2021-10-30,Dubai International Cricket Stadium,1,8.3,Australia,England,MS Wade,AJ Finch,AU Rashid,2,0,,,,,,,,,
1273737,2021/22,2021-10-30,Dubai International Cricket Stadium,1,8.4,Australia,England,MS Wade,AJ Finch,AU Rashid,1,0,,,,,,,,,
1273737,2021/22,2021-10-30,Dubai International Cricket Stadium,1,8.5,Australia,England,AJ Finch,MS Wade,AU Rashid,0,0,,,,,,,,,
1273737,2021/22,2021-10-30,Dubai International Cricket Stadium,1,8.6,Australia,England,AJ Finch,MS Wade,AU Rashid,1,0,,,,,,,,,
1273737,2021/22,2021-10-30,Dubai International Cricket Stadium,1,9.1,Australia,England,AJ Finch,MS Wade,LS Livingstone,0,0,,,,,,,,,
1273737,2021/22,2021-10-30,Dubai International Cricket Stadium,1,9.2,Australia,England,AJ Finch,MS Wade,LS Livingstone,1,0,,,,,,,,,
1273737,2021/22,2021-10-30,Dubai International Cricket Stadium,1,9.3,Australia,England,MS Wade,AJ Finch,LS Livingstone,1,0,,,,,,,,,
1273737,2021/22,2021-10-30,Dubai International Cricket Stadium,1,9.4,Australia,England,AJ Finch,MS Wade,LS Livingstone,0,0,,,,,,,,,
1273737,2021/22,2021-10-30,Dubai International Cricket Stadium,1,9.5,Australia,England,AJ Finch,MS Wade,LS Livingstone,1,0,,,,,,,,,
1273737,2021/22,2021-10-30,Dubai International Cricket Stadium,1,9.6,Australia,England,MS Wade,AJ Finch,LS Livingstone,1,0,,,,,,,,,
1273737,2021/22,2021-10-30,Dubai International Cricket Stadium,1,10.1,Australia,England,MS Wade,AJ Finch,TS Mills,1,0,,,,,,,,,
1273737,2021/22,2021-10-30,Dubai International Cricket Stadium,1,10.2,Australia,England,AJ Finch,MS Wade,TS Mills,1,0,,,,,,,,,
1273737,2021/22,2021-10-30,Dubai International Cricket Stadium,1,10.3,Australia,England,MS Wade,AJ Finch,TS Mills,0,0,,,,,,,,,
1273737,2021/22,2021-10-30,Dubai International Cricket Stadium,1,10.4,Australia,England,MS Wade,AJ Finch,TS Mills,4,0,,,,,,,,,
1273737,2021/22,2021-10-30,Dubai International Cricket Stadium,1,10.5,Australia,England,MS Wade,AJ Finch,TS Mills,1,0,,,,,,,,,
1273737,2021/22,2021-10-30,Dubai International Cricket Stadium,1,10.6,Australia,England,AJ Finch,MS Wade,TS Mills,0,1,1,,,,,,,,
1273737,2021/22,2021-10-30,Dubai International Cricket Stadium,1,10.7,Australia,England,AJ Finch,MS Wade,TS Mills,0,0,,,,,,,,,
1273737,2021/22,2021-10-30,Dubai International Cricket Stadium,1,11.1,Australia,England,MS Wade,AJ Finch,LS Livingstone,1,0,,,,,,,,,
1273737,2021/22,2021-10-30,Dubai International Cricket Stadium,1,11.2,Australia,England,AJ Finch,MS Wade,LS Livingstone,1,0,,,,,,,,,
1273737,2021/22,2021-10-30,Dubai International Cricket Stadium,1,11.3,Australia,England,MS Wade,AJ Finch,LS Livingstone,0,0,,,,,,,,,
1273737,2021/22,2021-10-30,Dubai International Cricket Stadium,1,11.4,Australia,England,MS Wade,AJ Finch,LS Livingstone,0,0,,,,,,caught,MS Wade,,
1273737,2021/22,2021-10-30,Dubai International Cricket Stadium,1,11.5,Australia,England,AC Agar,AJ Finch,LS Livingstone,0,0,,,,,,,,,
1273737,2021/22,2021-10-30,Dubai International Cricket Stadium,1,11.6,Australia,England,AC Agar,AJ Finch,LS Livingstone,0,0,,,,,,,,,
1273737,2021/22,2021-10-30,Dubai International Cricket Stadium,1,12.1,Australia,England,AJ Finch,AC Agar,AU Rashid,1,0,,,,,,,,,
1273737,2021/22,2021-10-30,Dubai International Cricket Stadium,1,12.2,Australia,England,AC Agar,AJ Finch,AU Rashid,0,0,,,,,,,,,
1273737,2021/22,2021-10-30,Dubai International Cricket Stadium,1,12.3,Australia,England,AC Agar,AJ Finch,AU Rashid,0,0,,,,,,,,,
1273737,2021/22,2021-10-30,Dubai International Cricket Stadium,1,12.4,Australia,England,AC Agar,AJ Finch,AU Rashid,0,0,,,,,,,,,
1273737,2021/22,2021-10-30,Dubai International Cricket Stadium,1,12.5,Australia,England,AC Agar,AJ Finch,AU Rashid,1,0,,,,,,,,,
1273737,2021/22,2021-10-30,Dubai International Cricket Stadium,1,12.6,Australia,England,AJ Finch,AC Agar,AU Rashid,0,0,,,,,,,,,
1273737,2021/22,2021-10-30,Dubai International Cricket Stadium,1,13.1,Australia,England,AC Agar,AJ Finch,LS Livingstone,0,0,,,,,,,,,
1273737,2021/22,2021-10-30,Dubai International Cricket Stadium,1,13.2,Australia,England,AC Agar,AJ Finch,LS Livingstone,1,0,,,,,,,,,
1273737,2021/22,2021-10-30,Dubai International Cricket Stadium,1,13.3,Australia,England,AJ Finch,AC Agar,LS Livingstone,1,0,,,,,,,,,
1273737,2021/22,2021-10-30,Dubai International Cricket Stadium,1,13.4,Australia,England,AC Agar,AJ Finch,LS Livingstone,1,0,,,,,,,,,
1273737,2021/22,2021-10-30,Dubai International Cricket Stadium,1,13.5,Australia,England,AJ Finch,AC Agar,LS Livingstone,1,0,,,,,,,,,
1273737,2021/22,2021-10-30,Dubai International Cricket Stadium,1,13.6,Australia,England,AC Agar,AJ Finch,LS Livingstone,0,0,,,,,,,,,
1273737,2021/22,2021-10-30,Dubai International Cricket Stadium,1,14.1,Australia,England,AJ Finch,AC Agar,TS Mills,4,0,,,,,,,,,
1273737,2021/22,2021-10-30,Dubai International Cricket Stadium,1,14.2,Australia,England,AJ Finch,AC Agar,TS Mills,4,0,,,,,,,,,
1273737,2021/22,2021-10-30,Dubai International Cricket Stadium,1,14.3,Australia,England,AJ Finch,AC Agar,TS Mills,0,0,,,,,,,,,
1273737,2021/22,2021-10-30,Dubai International Cricket Stadium,1,14.4,Australia,England,AJ Finch,AC Agar,TS Mills,1,0,,,,,,,,,
1273737,2021/22,2021-10-30,Dubai International Cricket Stadium,1,14.5,Australia,England,AC Agar,AJ Finch,TS Mills,1,0,,,,,,,,,
1273737,2021/22,2021-10-30,Dubai International Cricket Stadium,1,14.6,Australia,England,AJ Finch,AC Agar,TS Mills,0,0,,,,,,,,,
1273737,2021/22,2021-10-30,Dubai International Cricket Stadium,1,15.1,Australia,England,AC Agar,AJ Finch,CJ Jordan,0,0,,,,,,,,,
1273737,2021/22,2021-10-30,Dubai International Cricket Stadium,1,15.2,Australia,England,AC Agar,AJ Finch,CJ Jordan,1,0,,,,,,,,,
1273737,2021/22,2021-10-30,Dubai International Cricket Stadium,1,15.3,Australia,England,AJ Finch,AC Agar,CJ Jordan,1,0,,,,,,,,,
1273737,2021/22,2021-10-30,Dubai International Cricket Stadium,1,15.4,Australia,England,AC Agar,AJ Finch,CJ Jordan,1,0,,,,,,,,,
1273737,2021/22,2021-10-30,Dubai International Cricket Stadium,1,15.5,Australia,England,AJ Finch,AC Agar,CJ Jordan,4,0,,,,,,,,,
1273737,2021/22,2021-10-30,Dubai International Cricket Stadium,1,15.6,Australia,England,AJ Finch,AC Agar,CJ Jordan,1,0,,,,,,,,,
1273737,2021/22,2021-10-30,Dubai International Cricket Stadium,1,16.1,Australia,England,AJ Finch,AC Agar,CR Woakes,1,0,,,,,,,,,
1273737,2021/22,2021-10-30,Dubai International Cricket Stadium,1,16.2,Australia,England,AC Agar,AJ Finch,CR Woakes,0,1,1,,,,,,,,
1273737,2021/22,2021-10-30,Dubai International Cricket Stadium,1,16.3,Australia,England,AC Agar,AJ Finch,CR Woakes,6,0,,,,,,,,,
1273737,2021/22,2021-10-30,Dubai International Cricket Stadium,1,16.4,Australia,England,AC Agar,AJ Finch,CR Woakes,6,0,,,,,,,,,
1273737,2021/22,2021-10-30,Dubai International Cricket Stadium,1,16.5,Australia,England,AC Agar,AJ Finch,CR Woakes,1,0,,,,,,,,,
1273737,2021/22,2021-10-30,Dubai International Cricket Stadium,1,16.6,Australia,England,AJ Finch,AC Agar,CR Woakes,1,0,,,,,,,,,
1273737,2021/22,2021-10-30,Dubai International Cricket Stadium,1,16.7,Australia,England,AC Agar,AJ Finch,CR Woakes,0,4,,,,4,,,,,
1273737,2021/22,2021-10-30,Dubai International Cricket Stadium,1,17.1,Australia,England,AJ Finch,AC Agar,TS Mills,1,0,,,,,,,,,
1273737,2021/22,2021-10-30,Dubai International Cricket Stadium,1,17.2,Australia,England,AC Agar,AJ Finch,TS Mills,1,0,,,,,,,,,
1273737,2021/22,2021-10-30,Dubai International Cricket Stadium,1,17.3,Australia,England,AJ Finch,AC Agar,TS Mills,1,0,,,,,,,,,
1273737,2021/22,2021-10-30,Dubai International Cricket Stadium,1,17.4,Australia,England,AC Agar,AJ Finch,TS Mills,0,0,,,,,,caught,AC Agar,,
1273737,2021/22,2021-10-30,Dubai International Cricket Stadium,1,17.5,Australia,England,PJ Cummins,AJ Finch,TS Mills,6,0,,,,,,,,,
1273737,2021/22,2021-10-30,Dubai International Cricket Stadium,1,17.6,Australia,England,PJ Cummins,AJ Finch,TS Mills,6,0,,,,,,,,,
1273737,2021/22,2021-10-30,Dubai International Cricket Stadium,1,18.1,Australia,England,AJ Finch,PJ Cummins,CJ Jordan,0,0,,,,,,caught,AJ Finch,,
1273737,2021/22,2021-10-30,Dubai International Cricket Stadium,1,18.2,Australia,England,PJ Cummins,MA Starc,CJ Jordan,0,0,,,,,,bowled,PJ Cummins,,
1273737,2021/22,2021-10-30,Dubai International Cricket Stadium,1,18.3,Australia,England,A Zampa,MA Starc,CJ Jordan,1,0,,,,,,,,,
1273737,2021/22,2021-10-30,Dubai International Cricket Stadium,1,18.4,Australia,England,MA Starc,A Zampa,CJ Jordan,1,0,,,,,,,,,
1273737,2021/22,2021-10-30,Dubai International Cricket Stadium,1,18.5,Australia,England,A Zampa,MA Starc,CJ Jordan,0,0,,,,,,,,,
1273737,2021/22,2021-10-30,Dubai International Cricket Stadium,1,18.6,Australia,England,A Zampa,MA Starc,CJ Jordan,0,0,,,,,,,,,
1273737,2021/22,2021-10-30,Dubai International Cricket Stadium,1,19.1,Australia,England,MA Starc,A Zampa,TS Mills,4,0,,,,,,,,,
1273737,2021/22,2021-10-30,Dubai International Cricket Stadium,1,19.2,Australia,England,MA Starc,A Zampa,TS Mills,2,0,,,,,,,,,
1273737,2021/22,2021-10-30,Dubai International Cricket Stadium,1,19.3,Australia,England,MA Starc,A Zampa,TS Mills,0,1,,,,1,,,,,
1273737,2021/22,2021-10-30,Dubai International Cricket Stadium,1,19.4,Australia,England,A Zampa,MA Starc,TS Mills,0,0,,,,,,run out,A Zampa,,
1273737,2021/22,2021-10-30,Dubai International Cricket Stadium,1,19.5,Australia,England,MA Starc,JR Hazlewood,TS Mills,6,0,,,,,,,,,
1273737,2021/22,2021-10-30,Dubai International Cricket Stadium,1,19.6,Australia,England,MA Starc,JR Hazlewood,TS Mills,0,0,,,,,,caught,MA Starc,,
1273737,2021/22,2021-10-30,Dubai International Cricket Stadium,2,0.1,England,Australia,JJ Roy,JC Buttler,MA Starc,0,0,,,,,,,,,
1273737,2021/22,2021-10-30,Dubai International Cricket Stadium,2,0.2,England,Australia,JJ Roy,JC Buttler,MA Starc,1,0,,,,,,,,,
1273737,2021/22,2021-10-30,Dubai International Cricket Stadium,2,0.3,England,Australia,JC Buttler,JJ Roy,MA Starc,0,0,,,,,,,,,
1273737,2021/22,2021-10-30,Dubai International Cricket Stadium,2,0.4,England,Australia,JC Buttler,JJ Roy,MA Starc,0,0,,,,,,,,,
1273737,2021/22,2021-10-30,Dubai International Cricket Stadium,2,0.5,England,Australia,JC Buttler,JJ Roy,MA Starc,4,0,,,,,,,,,
1273737,2021/22,2021-10-30,Dubai International Cricket Stadium,2,0.6,England,Australia,JC Buttler,JJ Roy,MA Starc,0,0,,,,,,,,,
1273737,2021/22,2021-10-30,Dubai International Cricket Stadium,2,1.1,England,Australia,JJ Roy,JC Buttler,JR Hazlewood,4,0,,,,,,,,,
1273737,2021/22,2021-10-30,Dubai International Cricket Stadium,2,1.2,England,Australia,JJ Roy,JC Buttler,JR Hazlewood,1,0,,,,,,,,,
1273737,2021/22,2021-10-30,Dubai International Cricket Stadium,2,1.3,England,Australia,JC Buttler,JJ Roy,JR Hazlewood,1,0,,,,,,,,,
1273737,2021/22,2021-10-30,Dubai International Cricket Stadium,2,1.4,England,Australia,JJ Roy,JC Buttler,JR Hazlewood,0,0,,,,,,,,,
1273737,2021/22,2021-10-30,Dubai International Cricket Stadium,2,1.5,England,Australia,JJ Roy,JC Buttler,JR Hazlewood,1,0,,,,,,,,,
1273737,2021/22,2021-10-30,Dubai International Cricket Stadium,2,1.6,England,Australia,JC Buttler,JJ Roy,JR Hazlewood,0,1,,,1,,,,,,
1273737,2021/22,2021-10-30,Dubai International Cricket Stadium,2,2.1,England,Australia,JC Buttler,JJ Roy,PJ Cummins,0,1,1,,,,,,,,
1273737,2021/22,2021-10-30,Dubai International Cricket Stadium,2,2.2,England,Australia,JC Buttler,JJ Roy,PJ Cummins,0,0,,,,,,,,,
1273737,2021/22,2021-10-30,Dubai International Cricket Stadium,2,2.3,England,Australia,JC Buttler,JJ Roy,PJ Cummins,3,1,,1,,,,,,,
1273737,2021/22,2021-10-30,Dubai International Cricket Stadium,2,2.4,England,Australia,JJ Roy,JC Buttler,PJ Cummins,0,0,,,,,,,,,
1273737,2021/22,2021-10-30,Dubai International Cricket Stadium,2,2.5,England,Australia,JJ Roy,JC Buttler,PJ Cummins,6,0,,,,,,,,,
1273737,2021/22,2021-10-30,Dubai International Cricket Stadium,2,2.6,England,Australia,JJ Roy,JC Buttler,PJ Cummins,0,0,,,,,,,,,
1273737,2021/22,2021-10-30,Dubai International Cricket Stadium,2,2.7,England,Australia,JJ Roy,JC Buttler,PJ Cummins,2,0,,,,,,,,,
1273737,2021/22,2021-10-30,Dubai International Cricket Stadium,2,2.8,England,Australia,JJ Roy,JC Buttler,PJ Cummins,1,0,,,,,,,,,
1273737,2021/22,2021-10-30,Dubai International Cricket Stadium,2,3.1,England,Australia,JJ Roy,JC Buttler,AC Agar,1,0,,,,,,,,,
1273737,2021/22,2021-10-30,Dubai International Cricket Stadium,2,3.2,England,Australia,JC Buttler,JJ Roy,AC Agar,0,1,1,,,,,,,,
1273737,2021/22,2021-10-30,Dubai International Cricket Stadium,2,3.3,England,Australia,JC Buttler,JJ Roy,AC Agar,0,0,,,,,,,,,
1273737,2021/22,2021-10-30,Dubai International Cricket Stadium,2,3.4,England,Australia,JC Buttler,JJ Roy,AC Agar,1,0,,,,,,,,,
1273737,2021/22,2021-10-30,Dubai International Cricket Stadium,2,3.5,England,Australia,JJ Roy,JC Buttler,AC Agar,1,0,,,,,,,,,
1273737,2021/22,2021-10-30,Dubai International Cricket Stadium,2,3.6,England,Australia,JC Buttler,JJ Roy,AC Agar,6,0,,,,,,,,,
1273737,2021/22,2021-10-30,Dubai International Cricket Stadium,2,3.7,England,Australia,JC Buttler,JJ Roy,AC Agar,0,0,,,,,,,,,
1273737,2021/22,2021-10-30,Dubai International Cricket Stadium,2,4.1,England,Australia,JJ Roy,JC Buttler,JR Hazlewood,0,0,,,,,,,,,
1273737,2021/22,2021-10-30,Dubai International Cricket Stadium,2,4.2,England,Australia,JJ Roy,JC Buttler,JR Hazlewood,1,0,,,,,,,,,
1273737,2021/22,2021-10-30,Dubai International Cricket Stadium,2,4.3,England,Australia,JC Buttler,JJ Roy,JR Hazlewood,3,0,,,,,,,,,
1273737,2021/22,2021-10-30,Dubai International Cricket Stadium,2,4.4,England,Australia,JJ Roy,JC Buttler,JR Hazlewood,1,0,,,,,,,,,
1273737,2021/22,2021-10-30,Dubai International Cricket Stadium,2,4.5,England,Australia,JC Buttler,JJ Roy,JR Hazlewood,2,0,,,,,,,,,
1273737,2021/22,2021-10-30,Dubai International Cricket Stadium,2,4.6,England,Australia,JC Buttler,JJ Roy,JR Hazlewood,4,0,,,,,,,,,
1273737,2021/22,2021-10-30,Dubai International Cricket Stadium,2,5.1,England,Australia,JJ Roy,JC Buttler,MA Starc,1,0,,,,,,,,,
1273737,2021/22,2021-10-30,Dubai International Cricket Stadium,2,5.2,England,Australia,JC Buttler,JJ Roy,MA Starc,6,0,,,,,,,,,
1273737,2021/22,2021-10-30,Dubai International Cricket Stadium,2,5.3,England,Australia,JC Buttler,JJ Roy,MA Starc,6,0,,,,,,,,,
1273737,2021/22,2021-10-30,Dubai International Cricket Stadium,2,5.4,England,Australia,JC Buttler,JJ Roy,MA Starc,0,0,,,,,,,,,
1273737,2021/22,2021-10-30,Dubai International Cricket Stadium,2,5.5,England,Australia,JC Buttler,JJ Roy,MA Starc,0,1,1,,,,,,,,
1273737,2021/22,2021-10-30,Dubai International Cricket Stadium,2,5.6,England,Australia,JC Buttler,JJ Roy,MA Starc,3,0,,,,,,,,,
1273737,2021/22,2021-10-30,Dubai International Cricket Stadium,2,5.7,England,Australia,JJ Roy,JC Buttler,MA Starc,1,0,,,,,,,,,
1273737,2021/22,2021-10-30,Dubai International Cricket Stadium,2,6.1,England,Australia,JJ Roy,JC Buttler,A Zampa,0,0,,,,,,,,,
1273737,2021/22,2021-10-30,Dubai International Cricket Stadium,2,6.2,England,Australia,JJ Roy,JC Buttler,A Zampa,0,0,,,,,,lbw,JJ Roy,,
1273737,2021/22,2021-10-30,Dubai International Cricket Stadium,2,6.3,England,Australia,DJ Malan,JC Buttler,A Zampa,0,0,,,,,,,,,
1273737,2021/22,2021-10-30,Dubai International Cricket Stadium,2,6.4,England,Australia,DJ Malan,JC Buttler,A Zampa,1,0,,,,,,,,,
1273737,2021/22,2021-10-30,Dubai International Cricket Stadium,2,6.5,England,Australia,JC Buttler,DJ Malan,A Zampa,0,0,,,,,,,,,
1273737,2021/22,2021-10-30,Dubai International Cricket Stadium,2,6.6,England,Australia,JC Buttler,DJ Malan,A Zampa,1,0,,,,,,,,,
1273737,2021/22,2021-10-30,Dubai International Cricket Stadium,2,7.1,England,Australia,JC Buttler,DJ Malan,MA Starc,1,0,,,,,,,,,
1273737,2021/22,2021-10-30,Dubai International Cricket Stadium,2,7.2,England,Australia,DJ Malan,JC Buttler,MA Starc,0,0,,,,,,,,,
1273737,2021/22,2021-10-30,Dubai International Cricket Stadium,2,7.3,England,Australia,DJ Malan,JC Buttler,MA Starc,4,0,,,,,,,,,
1273737,2021/22,2021-10-30,Dubai International Cricket Stadium,2,7.4,England,Australia,DJ Malan,JC Buttler,MA Starc,1,0,,,,,,,,,
1273737,2021/22,2021-10-30,Dubai International Cricket Stadium,2,7.5,England,Australia,JC Buttler,DJ Malan,MA Starc,4,0,,,,,,,,,
1273737,2021/22,2021-10-30,Dubai International Cricket Stadium,2,7.6,England,Australia,JC Buttler,DJ Malan,MA Starc,4,0,,,,,,,,,
1273737,2021/22,2021-10-30,Dubai International Cricket Stadium,2,8.1,England,Australia,DJ Malan,JC Buttler,A Zampa,1,0,,,,,,,,,
1273737,2021/22,2021-10-30,Dubai International Cricket Stadium,2,8.2,England,Australia,JC Buttler,DJ Malan,A Zampa,6,0,,,,,,,,,
1273737,2021/22,2021-10-30,Dubai International Cricket Stadium,2,8.3,England,Australia,JC Buttler,DJ Malan,A Zampa,1,0,,,,,,,,,
1273737,2021/22,2021-10-30,Dubai International Cricket Stadium,2,8.4,England,Australia,DJ Malan,JC Buttler,A Zampa,1,0,,,,,,,,,
1273737,2021/22,2021-10-30,Dubai International Cricket Stadium,2,8.5,England,Australia,JC Buttler,DJ Malan,A Zampa,2,0,,,,,,,,,
1273737,2021/22,2021-10-30,Dubai International Cricket Stadium,2,8.6,England,Australia,JC Buttler,DJ Malan,A Zampa,4,0,,,,,,,,,
1273737,2021/22,2021-10-30,Dubai International Cricket Stadium,2,9.1,England,Australia,DJ Malan,JC Buttler,AC Agar,0,0,,,,,,caught,DJ Malan,,
1273737,2021/22,2021-10-30,Dubai International Cricket Stadium,2,9.2,England,Australia,JM Bairstow,JC Buttler,AC Agar,0,0,,,,,,,,,
1273737,2021/22,2021-10-30,Dubai International Cricket Stadium,2,9.3,England,Australia,JM Bairstow,JC Buttler,AC Agar,0,0,,,,,,,,,
1273737,2021/22,2021-10-30,Dubai International Cricket Stadium,2,9.4,England,Australia,JM Bairstow,JC Buttler,AC Agar,0,0,,,,,,,,,
1273737,2021/22,2021-10-30,Dubai International Cricket Stadium,2,9.5,England,Australia,JM Bairstow,JC Buttler,AC Agar,1,0,,,,,,,,,
1273737,2021/22,2021-10-30,Dubai International Cricket Stadium,2,9.6,England,Australia,JC Buttler,JM Bairstow,AC Agar,1,0,,,,,,,,,
1273737,2021/22,2021-10-30,Dubai International Cricket Stadium,2,10.1,England,Australia,JC Buttler,JM Bairstow,A Zampa,6,0,,,,,,,,,
1273737,2021/22,2021-10-30,Dubai International Cricket Stadium,2,10.2,England,Australia,JC Buttler,JM Bairstow,A Zampa,1,0,,,,,,,,,
1273737,2021/22,2021-10-30,Dubai International Cricket Stadium,2,10.3,England,Australia,JM Bairstow,JC Buttler,A Zampa,6,0,,,,,,,,,
1273737,2021/22,2021-10-30,Dubai International Cricket Stadium,2,10.4,England,Australia,JM Bairstow,JC Buttler,A Zampa,6,0,,,,,,,,,
1273737,2021/22,2021-10-30,Dubai International Cricket Stadium,2,10.5,England,Australia,JM Bairstow,JC Buttler,A Zampa,0,0,,,,,,,,,
1273737,2021/22,2021-10-30,Dubai International Cricket Stadium,2,10.6,England,Australia,JM Bairstow,JC Buttler,A Zampa,1,0,,,,,,,,,
1273737,2021/22,2021-10-30,Dubai International Cricket Stadium,2,11.1,England,Australia,JM Bairstow,JC Buttler,AC Agar,0,4,,,4,,,,,,
1273737,2021/22,2021-10-30,Dubai International Cricket Stadium,2,11.2,England,Australia,JM Bairstow,JC Buttler,AC Agar,1,0,,,,,,,,,
1273737,2021/22,2021-10-30,Dubai International Cricket Stadium,2,11.3,England,Australia,JC Buttler,JM Bairstow,AC Agar,1,0,,,,,,,,,
1273737,2021/22,2021-10-30,Dubai International Cricket Stadium,2,11.4,England,Australia,JM Bairstow,JC Buttler,AC Agar,1,0,,,,,,,,,
