match_id,season,start_date,venue,innings,ball,batting_team,bowling_team,striker,non_striker,bowler,runs_off_bat,extras,wides,noballs,byes,legbyes,penalty,wicket_type,player_dismissed,other_wicket_type,other_player_dismissed
1317488,2022/23,2022-10-14,"Manuka Oval, Canberra",1,0.1,England,Australia,JC Buttler,AD Hales,MA Starc,0,1,1,,,,,,,,
1317488,2022/23,2022-10-14,"Manuka Oval, Canberra",1,0.2,England,Australia,JC Buttler,AD Hales,MA Starc,2,0,,,,,,,,,
1317488,2022/23,2022-10-14,"Manuka Oval, Canberra",1,0.3,England,Australia,JC Buttler,AD Hales,MA Starc,0,0,,,,,,,,,
1317488,2022/23,2022-10-14,"Manuka Oval, Canberra",1,0.4,England,Australia,JC Buttler,AD Hales,MA Starc,0,0,,,,,,,,,
1317488,2022/23,2022-10-14,"Manuka Oval, Canberra",1,0.5,England,Australia,JC Buttler,AD Hales,MA Starc,0,4,,,,4,,,,,
1317488,2022/23,2022-10-14,"Manuka Oval, Canberra",1,0.6,England,Australia,JC Buttler,AD Hales,MA Starc,0,0,,,,,,,,,
1317488,2022/23,2022-10-14,"Manuka Oval, Canberra",1,0.7,England,Australia,JC Buttler,AD Hales,MA Starc,0,0,,,,,,,,,
1317488,2022/23,2022-10-14,"Manuka Oval, Canberra",1,1.1,England,Australia,AD Hales,JC Buttler,JR Hazlewood,0,0,,,,,,,,,
1317488,2022/23,2022-10-14,"Manuka Oval, Canberra",1,1.2,England,Australia,AD Hales,JC Buttler,JR Hazlewood,0,0,,,,,,caught,AD Hales,,
1317488,2022/23,2022-10-14,"Manuka Oval, Canberra",1,1.3,England,Australia,DJ Malan,JC Buttler,JR Hazlewood,1,0,,,,,,,,,
1317488,2022/23,2022-10-14,"Manuka Oval, Canberra",1,1.4,England,Australia,JC Buttler,DJ Malan,JR Hazlewood,0,0,,,,,,,,,
1317488,2022/23,2022-10-14,"Manuka Oval, Canberra",1,1.5,England,Australia,JC Buttler,DJ Malan,JR Hazlewood,0,0,,,,,,,,,
1317488,2022/23,2022-10-14,"Manuka Oval, Canberra",1,1.6,England,Australia,JC Buttler,DJ Malan,JR Hazlewood,1,0,,,,,,,,,
1317488,2022/23,2022-10-14,"Manuka Oval, Canberra",1,2.1,England,Australia,JC Buttler,DJ Malan,PJ Cummins,1,0,,,,,,,,,
1317488,2022/23,2022-10-14,"Manuka Oval, Canberra",1,2.2,England,Australia,DJ Malan,JC Buttler,PJ Cummins,4,0,,,,,,,,,
1317488,2022/23,2022-10-14,"Manuka Oval, Canberra",1,2.3,England,Australia,DJ Malan,JC Buttler,PJ Cummins,0,0,,,,,,,,,
1317488,2022/23,2022-10-14,"Manuka Oval, Canberra",1,2.4,England,Australia,DJ Malan,JC Buttler,PJ Cummins,0,0,,,,,,,,,
1317488,2022/23,2022-10-14,"Manuka Oval, Canberra",1,2.5,England,Australia,DJ Malan,JC Buttler,PJ Cummins,4,0,,,,,,,,,
1317488,2022/23,2022-10-14,"Manuka Oval, Canberra",1,2.6,England,Australia,DJ Malan,JC Buttler,PJ Cummins,0,0,,,,,,,,,
1317488,2022/23,2022-10-14,"Manuka Oval, Canberra",1,3.1,England,Australia,JC Buttler,DJ Malan,JR Hazlewood,4,0,,,,,,,,,
1317488,2022/23,2022-10-14,"Manuka Oval, Canberra",1,3.2,England,Australia,JC Buttler,DJ Malan,JR Hazlewood,1,0,,,,,,,,,
1317488,2022/23,2022-10-14,"Manuka Oval, Canberra",1,3.3,England,Australia,DJ Malan,JC Buttler,JR Hazlewood,1,0,,,,,,,,,
1317488,2022/23,2022-10-14,"Manuka Oval, Canberra",1,3.4,England,Australia,JC Buttler,DJ Malan,JR Hazlewood,1,0,,,,,,,,,
1317488,2022/23,2022-10-14,"Manuka Oval, Canberra",1,3.5,England,Australia,DJ Malan,JC Buttler,JR Hazlewood,0,1,1,,,,,,,,
1317488,2022/23,2022-10-14,"Manuka Oval, Canberra",1,3.6,England,Australia,DJ Malan,JC Buttler,JR Hazlewood,0,0,,,,,,,,,
1317488,2022/23,2022-10-14,"Manuka Oval, Canberra",1,3.7,England,Australia,DJ Malan,JC Buttler,JR Hazlewood,4,0,,,,,,,,,
1317488,2022/23,2022-10-14,"Manuka Oval, Canberra",1,4.1,England,Australia,JC Buttler,DJ Malan,MA Starc,0,0,,,,,,,,,
1317488,2022/23,2022-10-14,"Manuka Oval, Canberra",1,4.2,England,Australia,JC Buttler,DJ Malan,MA Starc,4,0,,,,,,,,,
1317488,2022/23,2022-10-14,"Manuka Oval, Canberra",1,4.3,England,Australia,JC Buttler,DJ Malan,MA Starc,1,0,,,,,,,,,
1317488,2022/23,2022-10-14,"Manuka Oval, Canberra",1,4.4,England,Australia,DJ Malan,JC Buttler,MA Starc,0,0,,,,,,,,,
1317488,2022/23,2022-10-14,"Manuka Oval, Canberra",1,4.5,England,Australia,DJ Malan,JC Buttler,MA Starc,0,1,1,,,,,,,,
1317488,2022/23,2022-10-14,"Manuka Oval, Canberra",1,4.6,England,Australia,DJ Malan,JC Buttler,MA Starc,0,0,,,,,,,,,
1317488,2022/23,2022-10-14,"Manuka Oval, Canberra",1,4.7,England,Australia,DJ Malan,JC Buttler,MA Starc,2,0,,,,,,,,,
1317488,2022/23,2022-10-14,"Manuka Oval, Canberra",1,5.1,England,Australia,JC Buttler,DJ Malan,PJ Cummins,4,0,,,,,,,,,
1317488,2022/23,2022-10-14,"Manuka Oval, Canberra",1,5.2,England,Australia,JC Buttler,DJ Malan,PJ Cummins,1,0,,,,,,,,,
1317488,2022/23,2022-10-14,"Manuka Oval, Canberra",1,5.3,England,Australia,DJ Malan,JC Buttler,PJ Cummins,0,0,,,,,,,,,
1317488,2022/23,2022-10-14,"Manuka Oval, Canberra",1,5.4,England,Australia,DJ Malan,JC Buttler,PJ Cummins,1,0,,,,,,,,,
1317488,2022/23,2022-10-14,"Manuka Oval, Canberra",1,5.5,England,Australia,JC Buttler,DJ Malan,PJ Cummins,2,0,,,,,,,,,
1317488,2022/23,2022-10-14,"Manuka Oval, Canberra",1,5.6,England,Australia,JC Buttler,DJ Malan,PJ Cummins,1,0,,,,,,,,,
1317488,2022/23,2022-10-14,"Manuka Oval, Canberra",1,6.1,England,Australia,JC Buttler,DJ Malan,A Zampa,2,0,,,,,,,,,
1317488,2022/23,2022-10-14,"Manuka Oval, Canberra",1,6.2,England,Australia,JC Buttler,DJ Malan,A Zampa,0,0,,,,,,,,,
1317488,2022/23,2022-10-14,"Manuka Oval, Canberra",1,6.3,England,Australia,JC Buttler,DJ Malan,A Zampa,4,0,,,,,,,,,
1317488,2022/23,2022-10-14,"Manuka Oval, Canberra",1,6.4,England,Australia,JC Buttler,DJ Malan,A Zampa,2,0,,,,,,,,,
1317488,2022/23,2022-10-14,"Manuka Oval, Canberra",1,6.5,England,Australia,JC Buttler,DJ Malan,A Zampa,1,0,,,,,,,,,
1317488,2022/23,2022-10-14,"Manuka Oval, Canberra",1,6.6,England,Australia,DJ Malan,JC Buttler,A Zampa,2,0,,,,,,,,,
1317488,2022/23,2022-10-14,"Manuka Oval, Canberra",1,7.1,England,Australia,JC Buttler,DJ Malan,PJ Cummins,1,0,,,,,,,,,
1317488,2022/23,2022-10-14,"Manuka Oval, Canberra",1,7.2,England,Australia,DJ Malan,JC Buttler,PJ Cummins,4,0,,,,,,,,,
1317488,2022/23,2022-10-14,"Manuka Oval, Canberra",1,7.3,England,Australia,DJ Malan,JC Buttler,PJ Cummins,0,0,,,,,,,,,
1317488,2022/23,2022-10-14,"Manuka Oval, Canberra",1,7.4,England,Australia,DJ Malan,JC Buttler,PJ Cummins,0,0,,,,,,,,,
1317488,2022/23,2022-10-14,"Manuka Oval, Canberra",1,7.5,England,Australia,DJ Malan,JC Buttler,PJ Cummins,0,0,,,,,,caught,DJ Malan,,
1317488,2022/23,2022-10-14,"Manuka Oval, Canberra",1,7.6,England,Australia,BA Stokes,JC Buttler,PJ Cummins,0,0,,,,,,,,,
1317488,2022/23,2022-10-14,"Manuka Oval, Canberra",1,8.1,England,Australia,JC Buttler,BA Stokes,A Zampa,2,0,,,,,,,,,
1317488,2022/23,2022-10-14,"Manuka Oval, Canberra",1,8.2,England,Australia,JC Buttler,BA Stokes,A Zampa,0,0,,,,,,,,,
1317488,2022/23,2022-10-14,"Manuka Oval, Canberra",1,8.3,England,Australia,JC Buttler,BA Stokes,A Zampa,0,0,,,,,,,,,
1317488,2022/23,2022-10-14,"Manuka Oval, Canberra",1,8.4,England,Australia,JC Buttler,BA Stokes,A Zampa,1,0,,,,,,,,,
1317488,2022/23,2022-10-14,"Manuka Oval, Canberra",1,8.5,England,Australia,BA Stokes,JC Buttler,A Zampa,2,0,,,,,,,,,
1317488,2022/23,2022-10-14,"Manuka Oval, Canberra",1,8.6,England,Australia,BA Stokes,JC Buttler,A Zampa,1,0,,,,,,,,,
1317488,2022/23,2022-10-14,"Manuka Oval, Canberra",1,9.1,England,Australia,BA Stokes,JC Buttler,GJ Maxwell,1,0,,,,,,,,,
1317488,2022/23,2022-10-14,"Manuka Oval, Canberra",1,9.2,England,Australia,JC Buttler,BA Stokes,GJ Maxwell,1,0,,,,,,,,,
1317488,2022/23,2022-10-14,"Manuka Oval, Canberra",1,9.3,England,Australia,BA Stokes,JC Buttler,GJ Maxwell,1,0,,,,,,,,,
1317488,2022/23,2022-10-14,"Manuka Oval, Canberra",1,9.4,England,Australia,JC Buttler,BA Stokes,GJ Maxwell,1,0,,,,,,,,,
1317488,2022/23,2022-10-14,"Manuka Oval, Canberra",1,9.5,England,Australia,BA Stokes,JC Buttler,GJ Maxwell,6,0,,,,,,,,,
1317488,2022/23,2022-10-14,"Manuka Oval, Canberra",1,9.6,England,Australia,BA Stokes,JC Buttler,GJ Maxwell,2,0,,,,,,,,,
1317488,2022/23,2022-10-14,"Manuka Oval, Canberra",1,10.1,England,Australia,JC Buttler,BA Stokes,JR Hazlewood,4,0,,,,,,,,,
1317488,2022/23,2022-10-14,"Manuka Oval, Canberra",1,10.2,England,Australia,JC Buttler,BA Stokes,JR Hazlewood,4,0,,,,,,,,,
1317488,2022/23,2022-10-14,"Manuka Oval, Canberra",1,10.3,England,Australia,JC Buttler,BA Stokes,JR Hazlewood,4,0,,,,,,,,,
1317488,2022/23,2022-10-14,"Manuka Oval, Canberra",1,10.4,England,Australia,JC Buttler,BA Stokes,JR Hazlewood,2,0,,,,,,,,,
1317488,2022/23,2022-10-14,"Manuka Oval, Canberra",1,10.5,England,Australia,JC Buttler,BA Stokes,JR Hazlewood,2,0,,,,,,,,,
1317488,2022/23,2022-10-14,"Manuka Oval, Canberra",1,10.6,England,Australia,JC Buttler,BA Stokes,JR Hazlewood,6,0,,,,,,,,,
1317488,2022/23,2022-10-14,"Manuka Oval, Canberra",1,11.1,England,Australia,BA Stokes,JC Buttler,GJ Maxwell,2,0,,,,,,,,,
1317488,2022/23,2022-10-14,"Manuka Oval, Canberra",1,11.2,England,Australia,BA Stokes,JC Buttler,GJ Maxwell,1,0,,,,,,,,,
1317488,2022/23,2022-10-14,"Manuka Oval, Canberra",1,11.3,England,Australia,JC Buttler,BA Stokes,GJ Maxwell,2,0,,,,,,,,,
1317488,2022/23,2022-10-14,"Manuka Oval, Canberra",1,11.4,England,Australia,JC Buttler,BA Stokes,GJ Maxwell,2,0,,,,,,,,,
1317488,2022/23,2022-10-14,"Manuka Oval, Canberra",1,11.5,England,Australia,JC Buttler,BA Stokes,GJ Maxwell,1,0,,,,,,,,,
1317488,2022/23,2022-10-14,"Manuka Oval, Canberra",1,11.6,England,Australia,BA Stokes,JC Buttler,GJ Maxwell,1,0,,,,,,,,,
1317488,2022/23,2022-10-14,"Manuka Oval, Canberra",2,0.1,Australia,England,AJ Finch,GJ Maxwell,CR Woakes,0,0,,,,,,caught,AJ Finch,,
1317488,2022/23,2022-10-14,"Manuka Oval, Canberra",2,0.2,Australia,England,MR Marsh,GJ Maxwell,CR Woakes,0,0,,,,,,caught,MR Marsh,,
1317488,2022/23,2022-10-14,"Manuka Oval, Canberra",2,0.3,Australia,England,SPD Smith,GJ Maxwell,CR Woakes,0,0,,,,,,,,,
1317488,2022/23,2022-10-14,"Manuka Oval, Canberra",2,0.4,Australia,England,SPD Smith,GJ Maxwell,CR Woakes,0,0,,,,,,,,,
1317488,2022/23,2022-10-14,"Manuka Oval, Canberra",2,0.5,Australia,England,SPD Smith,GJ Maxwell,CR Woakes,1,0,,,,,,,,,
1317488,2022/23,2022-10-14,"Manuka Oval, Canberra",2,0.6,Australia,England,GJ Maxwell,SPD Smith,CR Woakes,0,1,1,,,,,,,,
1317488,2022/23,2022-10-14,"Manuka Oval, Canberra",2,0.7,Australia,England,GJ Maxwell,SPD Smith,CR Woakes,0,0,,,,,,,,,
1317488,2022/23,2022-10-14,"Manuka Oval, Canberra",2,1.1,Australia,England,SPD Smith,GJ Maxwell,RJW Topley,0,0,,,,,,,,,
1317488,2022/23,2022-10-14,"Manuka Oval, Canberra",2,1.2,Australia,England,SPD Smith,GJ Maxwell,RJW Topley,1,0,,,,,,,,,
1317488,2022/23,2022-10-14,"Manuka Oval, Canberra",2,1.3,Australia,England,GJ Maxwell,SPD Smith,RJW Topley,0,0,,,,,,,,,
1317488,2022/23,2022-10-14,"Manuka Oval, Canberra",2,1.4,Australia,England,GJ Maxwell,SPD Smith,RJW Topley,6,0,,,,,,,,,
1317488,2022/23,2022-10-14,"Manuka Oval, Canberra",2,1.5,Australia,England,GJ Maxwell,SPD Smith,RJW Topley,0,1,1,,,,,,,,
1317488,2022/23,2022-10-14,"Manuka Oval, Canberra",2,1.6,Australia,England,GJ Maxwell,SPD Smith,RJW Topley,0,0,,,,,,,,,
1317488,2022/23,2022-10-14,"Manuka Oval, Canberra",2,1.7,Australia,England,GJ Maxwell,SPD Smith,RJW Topley,1,0,,,,,,,,,
1317488,2022/23,2022-10-14,"Manuka Oval, Canberra",2,2.1,Australia,England,GJ Maxwell,SPD Smith,CR Woakes,0,4,,,,4,,,,,
1317488,2022/23,2022-10-14,"Manuka Oval, Canberra",2,2.2,Australia,England,GJ Maxwell,SPD Smith,CR Woakes,1,0,,,,,,,,,
1317488,2022/23,2022-10-14,"Manuka Oval, Canberra",2,2.3,Australia,England,SPD Smith,GJ Maxwell,CR Woakes,0,1,,,,1,,,,,
1317488,2022/23,2022-10-14,"Manuka Oval, Canberra",2,2.4,Australia,England,GJ Maxwell,SPD Smith,CR Woakes,0,0,,,,,,,,,
1317488,2022/23,2022-10-14,"Manuka Oval, Canberra",2,2.5,Australia,England,GJ Maxwell,SPD Smith,CR Woakes,0,0,,,,,,caught,GJ Maxwell,,
1317488,2022/23,2022-10-14,"Manuka Oval, Canberra",2,2.6,Australia,England,MP Stoinis,SPD Smith,CR Woakes,1,0,,,,,,,,,
1317488,2022/23,2022-10-14,"Manuka Oval, Canberra",2,3.1,Australia,England,MP Stoinis,SPD Smith,DJ Willey,1,0,,,,,,,,,
1317488,2022/23,2022-10-14,"Manuka Oval, Canberra",2,3.2,Australia,England,SPD Smith,MP Stoinis,DJ Willey,4,0,,,,,,,,,
1317488,2022/23,2022-10-14,"Manuka Oval, Canberra",2,3.3,Australia,England,SPD Smith,MP Stoinis,DJ Willey,1,0,,,,,,,,,
1317488,2022/23,2022-10-14,"Manuka Oval, Canberra",2,3.4,Australia,England,MP Stoinis,SPD Smith,DJ Willey,0,0,,,,,,,,,
1317488,2022/23,2022-10-14,"Manuka Oval, Canberra",2,3.5,Australia,England,MP Stoinis,SPD Smith,DJ Willey,6,0,,,,,,,,,
