match_id,season,start_date,venue,innings,ball,batting_team,bowling_team,striker,non_striker,bowler,runs_off_bat,extras,wides,noballs,byes,legbyes,penalty,wicket_type,player_dismissed,other_wicket_type,other_player_dismissed
1317487,2022/23,2022-10-12,"Manuka Oval, Canberra",1,0.1,England,Australia,JC Buttler,AD Hales,JR Hazlewood,4,0,,,,,,,,,
1317487,2022/23,2022-10-12,"Manuka Oval, Canberra",1,0.2,England,Australia,JC Buttler,AD Hales,JR Hazlewood,0,0,,,,,,,,,
1317487,2022/23,2022-10-12,"Manuka Oval, Canberra",1,0.3,England,Australia,JC Buttler,AD Hales,JR Hazlewood,1,0,,,,,,,,,
1317487,2022/23,2022-10-12,"Manuka Oval, Canberra",1,0.4,England,Australia,AD Hales,JC Buttler,JR Hazlewood,0,0,,,,,,,,,
1317487,2022/23,2022-10-12,"Manuka Oval, Canberra",1,0.5,England,Australia,AD Hales,JC Buttler,JR Hazlewood,0,0,,,,,,,,,
1317487,2022/23,2022-10-12,"Manuka Oval, Canberra",1,0.6,England,Australia,AD Hales,JC Buttler,JR Hazlewood,0,0,,,,,,,,,
1317487,2022/23,2022-10-12,"Manuka Oval, Canberra",1,1.1,England,Australia,JC Buttler,AD Hales,PJ Cummins,0,0,,,,,,,,,
1317487,2022/23,2022-10-12,"Manuka Oval, Canberra",1,1.2,England,Australia,JC Buttler,AD Hales,PJ Cummins,0,0,,,,,,,,,
1317487,2022/23,2022-10-12,"Manuka Oval, Canberra",1,1.3,England,Australia,JC Buttler,AD Hales,PJ Cummins,0,0,,,,,,,,,
1317487,2022/23,2022-10-12,"Manuka Oval, Canberra",1,1.4,England,Australia,JC Buttler,AD Hales,PJ Cummins,0,0,,,,,,,,,
1317487,2022/23,2022-10-12,"Manuka Oval, Canberra",1,1.5,England,Australia,JC Buttler,AD Hales,PJ Cummins,3,0,,,,,,,,,
1317487,2022/23,2022-10-12,"Manuka Oval, Canberra",1,1.6,England,Australia,AD Hales,JC Buttler,PJ Cummins,0,0,,,,,,,,,
1317487,2022/23,2022-10-12,"Manuka Oval, Canberra",1,2.1,England,Australia,JC Buttler,AD Hales,JR Hazlewood,0,0,,,,,,,,,
1317487,2022/23,2022-10-12,"Manuka Oval, Canberra",1,2.2,England,Australia,JC Buttler,AD Hales,JR Hazlewood,4,0,,,,,,,,,
1317487,2022/23,2022-10-12,"Manuka Oval, Canberra",1,2.3,England,Australia,JC Buttler,AD Hales,JR Hazlewood,4,0,,,,,,,,,
1317487,2022/23,2022-10-12,"Manuka Oval, Canberra",1,2.4,England,Australia,JC Buttler,AD Hales,JR Hazlewood,1,0,,,,,,,,,
1317487,2022/23,2022-10-12,"Manuka Oval, Canberra",1,2.5,England,Australia,AD Hales,JC Buttler,JR Hazlewood,0,0,,,,,,,,,
1317487,2022/23,2022-10-12,"Manuka Oval, Canberra",1,2.6,England,Australia,AD Hales,JC Buttler,JR Hazlewood,4,0,,,,,,,,,
1317487,2022/23,2022-10-12,"Manuka Oval, Canberra",1,3.1,England,Australia,JC Buttler,AD Hales,PJ Cummins,0,0,,,,,,caught,JC Buttler,,
1317487,2022/23,2022-10-12,"Manuka Oval, Canberra",1,3.2,England,Australia,DJ Malan,AD Hales,PJ Cummins,0,0,,,,,,,,,
1317487,2022/23,2022-10-12,"Manuka Oval, Canberra",1,3.3,England,Australia,DJ Malan,AD Hales,PJ Cummins,0,0,,,,,,,,,
1317487,2022/23,2022-10-12,"Manuka Oval, Canberra",1,3.4,England,Australia,DJ Malan,AD Hales,PJ Cummins,4,0,,,,,,,,,
1317487,2022/23,2022-10-12,"Manuka Oval, Canberra",1,3.5,England,Australia,DJ Malan,AD Hales,PJ Cummins,0,0,,,,,,,,,
1317487,2022/23,2022-10-12,"Manuka Oval, Canberra",1,3.6,England,Australia,DJ Malan,AD Hales,PJ Cummins,6,0,,,,,,,,,
1317487,2022/23,2022-10-12,"Manuka Oval, Canberra",1,4.1,England,Australia,AD Hales,DJ Malan,MP Stoinis,0,0,,,,,,caught,AD Hales,,
1317487,2022/23,2022-10-12,"Manuka Oval, Canberra",1,4.2,England,Australia,BA Stokes,DJ Malan,MP Stoinis,0,0,,,,,,,,,
1317487,2022/23,2022-10-12,"Manuka Oval, Canberra",1,4.3,England,Australia,BA Stokes,DJ Malan,MP Stoinis,1,0,,,,,,,,,
1317487,2022/23,2022-10-12,"Manuka Oval, Canberra",1,4.4,England,Australia,DJ Malan,BA Stokes,MP Stoinis,0,0,,,,,,,,,
1317487,2022/23,2022-10-12,"Manuka Oval, Canberra",1,4.5,England,Australia,DJ Malan,BA Stokes,MP Stoinis,1,0,,,,,,,,,
1317487,2022/23,2022-10-12,"Manuka Oval, Canberra",1,4.6,England,Australia,BA Stokes,DJ Malan,MP Stoinis,1,0,,,,,,,,,
1317487,2022/23,2022-10-12,"Manuka Oval, Canberra",1,5.1,England,Australia,BA Stokes,DJ Malan,MA Starc,0,0,,,,,,,,,
1317487,2022/23,2022-10-12,"Manuka Oval, Canberra",1,5.2,England,Australia,BA Stokes,DJ Malan,MA Starc,0,0,,,,,,,,,
1317487,2022/23,2022-10-12,"Manuka Oval, Canberra",1,5.3,England,Australia,BA Stokes,DJ Malan,MA Starc,1,0,,,,,,,,,
1317487,2022/23,2022-10-12,"Manuka Oval, Canberra",1,5.4,England,Australia,DJ Malan,BA Stokes,MA Starc,0,1,1,,,,,,,,
1317487,2022/23,2022-10-12,"Manuka Oval, Canberra",1,5.5,England,Australia,DJ Malan,BA Stokes,MA Starc,4,0,,,,,,,,,
1317487,2022/23,2022-10-12,"Manuka Oval, Canberra",1,5.6,England,Australia,DJ Malan,BA Stokes,MA Starc,0,0,,,,,,,,,
1317487,2022/23,2022-10-12,"Manuka Oval, Canberra",1,5.7,England,Australia,DJ Malan,BA Stokes,MA Starc,1,0,,,,,,,,,
1317487,2022/23,2022-10-12,"Manuka Oval, Canberra",1,6.1,England,Australia,DJ Malan,BA Stokes,GJ Maxwell,1,0,,,,,,,,,
1317487,2022/23,2022-10-12,"Manuka Oval, Canberra",1,6.2,England,Australia,BA Stokes,DJ Malan,GJ Maxwell,1,0,,,,,,,,,
1317487,2022/23,2022-10-12,"Manuka Oval, Canberra",1,6.3,England,Australia,DJ Malan,BA Stokes,GJ Maxwell,1,0,,,,,,,,,
1317487,2022/23,2022-10-12,"Manuka Oval, Canberra",1,6.4,England,Australia,BA Stokes,DJ Malan,GJ Maxwell,1,0,,,,,,,,,
1317487,2022/23,2022-10-12,"Manuka Oval, Canberra",1,6.5,England,Australia,DJ Malan,BA Stokes,GJ Maxwell,1,0,,,,,,,,,
1317487,2022/23,2022-10-12,"Manuka Oval, Canberra",1,6.6,England,Australia,BA Stokes,DJ Malan,GJ Maxwell,1,0,,,,,,,,,
1317487,2022/23,2022-10-12,"Manuka Oval, Canberra",1,7.1,England,Australia,BA Stokes,DJ Malan,A Zampa,1,0,,,,,,,,,
1317487,2022/23,2022-10-12,"Manuka Oval, Canberra",1,7.2,England,Australia,DJ Malan,BA Stokes,A Zampa,4,0,,,,,,,,,
1317487,2022/23,2022-10-12,"Manuka Oval, Canberra",1,7.3,England,Australia,DJ Malan,BA Stokes,A Zampa,1,0,,,,,,,,,
1317487,2022/23,2022-10-12,"Manuka Oval, Canberra",1,7.4,England,Australia,BA Stokes,DJ Malan,A Zampa,0,0,,,,,,bowled,BA Stokes,,
1317487,2022/23,2022-10-12,"Manuka Oval, Canberra",1,7.5,England,Australia,HC Brook,DJ Malan,A Zampa,1,0,,,,,,,,,
1317487,2022/23,2022-10-12,"Manuka Oval, Canberra",1,7.6,England,Australia,DJ Malan,HC Brook,A Zampa,0,0,,,,,,,,,
1317487,2022/23,2022-10-12,"Manuka Oval, Canberra",1,8.1,England,Australia,HC Brook,DJ Malan,MP Stoinis,0,0,,,,,,caught,HC Brook,,
1317487,2022/23,2022-10-12,"Manuka Oval, Canberra",1,8.2,England,Australia,MM Ali,DJ Malan,MP Stoinis,0,0,,,,,,,,,
1317487,2022/23,2022-10-12,"Manuka Oval, Canberra",1,8.3,England,Australia,MM Ali,DJ Malan,MP Stoinis,1,0,,,,,,,,,
1317487,2022/23,2022-10-12,"Manuka Oval, Canberra",1,8.4,England,Australia,DJ Malan,MM Ali,MP Stoinis,2,0,,,,,,,,,
1317487,2022/23,2022-10-12,"Manuka Oval, Canberra",1,8.5,England,Australia,DJ Malan,MM Ali,MP Stoinis,1,0,,,,,,,,,
1317487,2022/23,2022-10-12,"Manuka Oval, Canberra",1,8.6,England,Australia,MM Ali,DJ Malan,MP Stoinis,2,0,,,,,,,,,
1317487,2022/23,2022-10-12,"Manuka Oval, Canberra",1,9.1,England,Australia,DJ Malan,MM Ali,MA Starc,1,0,,,,,,,,,
1317487,2022/23,2022-10-12,"Manuka Oval, Canberra",1,9.2,England,Australia,MM Ali,DJ Malan,MA Starc,0,1,1,,,,,,,,
1317487,2022/23,2022-10-12,"Manuka Oval, Canberra",1,9.3,England,Australia,MM Ali,DJ Malan,MA Starc,1,0,,,,,,,,,
1317487,2022/23,2022-10-12,"Manuka Oval, Canberra",1,9.4,England,Australia,DJ Malan,MM Ali,MA Starc,1,0,,,,,,,,,
1317487,2022/23,2022-10-12,"Manuka Oval, Canberra",1,9.5,England,Australia,MM Ali,DJ Malan,MA Starc,1,0,,,,,,,,,
1317487,2022/23,2022-10-12,"Manuka Oval, Canberra",1,9.6,England,Australia,DJ Malan,MM Ali,MA Starc,4,0,,,,,,,,,
1317487,2022/23,2022-10-12,"Manuka Oval, Canberra",1,9.7,England,Australia,DJ Malan,MM Ali,MA Starc,1,0,,,,,,,,,
1317487,2022/23,2022-10-12,"Manuka Oval, Canberra",1,10.1,England,Australia,DJ Malan,MM Ali,A Zampa,4,0,,,,,,,,,
1317487,2022/23,2022-10-12,"Manuka Oval, Canberra",1,10.2,England,Australia,DJ Malan,MM Ali,A Zampa,0,0,,,,,,,,,
1317487,2022/23,2022-10-12,"Manuka Oval, Canberra",1,10.3,England,Australia,DJ Malan,MM Ali,A Zampa,0,0,,,,,,,,,
1317487,2022/23,2022-10-12,"Manuka Oval, Canberra",1,10.4,England,Australia,DJ Malan,MM Ali,A Zampa,6,0,,,,,,,,,
1317487,2022/23,2022-10-12,"Manuka Oval, Canberra",1,10.5,England,Australia,DJ Malan,MM Ali,A Zampa,1,0,,,,,,,,,
1317487,2022/23,2022-10-12,"Manuka Oval, Canberra",1,10.6,England,Australia,MM Ali,DJ Malan,A Zampa,1,0,,,,,,,,,
1317487,2022/23,2022-10-12,"Manuka Oval, Canberra",1,11.1,England,Australia,MM Ali,DJ Malan,PJ Cummins,0,0,,,,,,,,,
1317487,2022/23,2022-10-12,"Manuka Oval, Canberra",1,11.2,England,Australia,MM Ali,DJ Malan,PJ Cummins,1,0,,,,,,,,,
1317487,2022/23,2022-10-12,"Manuka Oval, Canberra",1,11.3,England,Australia,DJ Malan,MM Ali,PJ Cummins,1,0,,,,,,,,,
1317487,2022/23,2022-10-12,"Manuka Oval, Canberra",1,11.4,England,Australia,MM Ali,DJ Malan,PJ Cummins,0,0,,,,,,,,,
1317487,2022/23,2022-10-12,"Manuka Oval, Canberra",1,11.5,England,Australia,MM Ali,DJ Malan,PJ Cummins,4,0,,,,,,,,,
1317487,2022/23,2022-10-12,"Manuka Oval, Canberra",1,11.6,England,Australia,MM Ali,DJ Malan,PJ Cummins,1,0,,,,,,,,,
1317487,2022/23,2022-10-12,"Manuka Oval, Canberra",1,12.1,England,Australia,MM Ali,DJ Malan,MP Stoinis,4,0,,,,,,,,,
1317487,2022/23,2022-10-12,"Manuka Oval, Canberra",1,12.2,England,Australia,MM Ali,DJ Malan,MP Stoinis,6,0,,,,,,,,,
1317487,2022/23,2022-10-12,"Manuka Oval, Canberra",1,12.3,England,Australia,MM Ali,DJ Malan,MP Stoinis,1,0,,,,,,,,,
1317487,2022/23,2022-10-12,"Manuka Oval, Canberra",1,12.4,England,Australia,DJ Malan,MM Ali,MP Stoinis,1,0,,,,,,,,,
1317487,2022/23,2022-10-12,"Manuka Oval, Canberra",1,12.5,England,Australia,MM Ali,DJ Malan,MP Stoinis,0,1,1,,,,,,,,
1317487,2022/23,2022-10-12,"Manuka Oval, Canberra",1,12.6,England,Australia,MM Ali,DJ Malan,MP Stoinis,0,0,,,,,,,,,
1317487,2022/23,2022-10-12,"Manuka Oval, Canberra",1,12.7,England,Australia,MM Ali,DJ Malan,MP Stoinis,1,0,,,,,,,,,
1317487,2022/23,2022-10-12,"Manuka Oval, Canberra",1,13.1,England,Australia,MM Ali,DJ Malan,JR Hazlewood,1,0,,,,,,,,,
1317487,2022/23,2022-10-12,"Manuka Oval, Canberra",1,13.2,England,Australia,DJ Malan,MM Ali,JR Hazlewood,2,0,,,,,,,,,
1317487,2022/23,2022-10-12,"Manuka Oval, Canberra",1,13.3,England,Australia,DJ Malan,MM Ali,JR Hazlewood,1,0,,,,,,,,,
1317487,2022/23,2022-10-12,"Manuka Oval, Canberra",1,13.4,England,Australia,MM Ali,DJ Malan,JR Hazlewood,1,0,,,,,,,,,
1317487,2022/23,2022-10-12,"Manuka Oval, Canberra",1,13.5,England,Australia,DJ Malan,MM Ali,JR Hazlewood,3,0,,,,,,,,,
1317487,2022/23,2022-10-12,"Manuka Oval, Canberra",1,13.6,England,Australia,MM Ali,DJ Malan,JR Hazlewood,0,1,1,,,,,,,,
1317487,2022/23,2022-10-12,"Manuka Oval, Canberra",1,13.7,England,Australia,MM Ali,DJ Malan,JR Hazlewood,4,0,,,,,,,,,
1317487,2022/23,2022-10-12,"Manuka Oval, Canberra",1,14.1,England,Australia,DJ Malan,MM Ali,MA Starc,1,0,,,,,,,,,
1317487,2022/23,2022-10-12,"Manuka Oval, Canberra",1,14.2,England,Australia,MM Ali,DJ Malan,MA Starc,6,0,,,,,,,,,
1317487,2022/23,2022-10-12,"Manuka Oval, Canberra",1,14.3,England,Australia,MM Ali,DJ Malan,MA Starc,1,0,,,,,,,,,
1317487,2022/23,2022-10-12,"Manuka Oval, Canberra",1,14.4,England,Australia,DJ Malan,MM Ali,MA Starc,6,0,,,,,,,,,
1317487,2022/23,2022-10-12,"Manuka Oval, Canberra",1,14.5,England,Australia,DJ Malan,MM Ali,MA Starc,0,0,,,,,,,,,
1317487,2022/23,2022-10-12,"Manuka Oval, Canberra",1,14.6,England,Australia,DJ Malan,MM Ali,MA Starc,1,0,,,,,,,,,
1317487,2022/23,2022-10-12,"Manuka Oval, Canberra",1,15.1,England,Australia,DJ Malan,MM Ali,PJ Cummins,0,0,,,,,,,,,
1317487,2022/23,2022-10-12,"Manuka Oval, Canberra",1,15.2,England,Australia,DJ Malan,MM Ali,PJ Cummins,2,0,,,,,,,,,
1317487,2022/23,2022-10-12,"Manuka Oval, Canberra",1,15.3,England,Australia,DJ Malan,MM Ali,PJ Cummins,0,1,1,,,,,,,,
1317487,2022/23,2022-10-12,"Manuka Oval, Canberra",1,15.4,England,Australia,DJ Malan,MM Ali,PJ Cummins,4,0,,,,,,,,,
1317487,2022/23,2022-10-12,"Manuka Oval, Canberra",1,15.5,England,Australia,DJ Malan,MM Ali,PJ Cummins,1,0,,,,,,,,,
1317487,2022/23,2022-10-12,"Manuka Oval, Canberra",1,15.6,England,Australia,MM Ali,DJ Malan,PJ Cummins,1,0,,,,,,,,,
1317487,2022/23,2022-10-12,"Manuka Oval, Canberra",1,15.7,England,Australia,DJ Malan,MM Ali,PJ Cummins,0,0,,,,,,,,,
1317487,2022/23,2022-10-12,"Manuka Oval, Canberra",1,16.1,England,Australia,MM Ali,DJ Malan,A Zampa,0,0,,,,,,,,,
1317487,2022/23,2022-10-12,"Manuka Oval, Canberra",1,16.2,England,Australia,MM Ali,DJ Malan,A Zampa,0,0,,,,,,,,,
1317487,2022/23,2022-10-12,"Manuka Oval, Canberra",1,16.3,England,Australia,MM Ali,DJ Malan,A Zampa,2,0,,,,,,,,,
1317487,2022/23,2022-10-12,"Manuka Oval, Canberra",1,16.4,England,Australia,MM Ali,DJ Malan,A Zampa,4,0,,,,,,,,,
1317487,2022/23,2022-10-12,"Manuka Oval, Canberra",1,16.5,England,Australia,MM Ali,DJ Malan,A Zampa,0,0,,,,,,caught,MM Ali,,
1317487,2022/23,2022-10-12,"Manuka Oval, Canberra",1,16.6,England,Australia,SM Curran,DJ Malan,A Zampa,1,0,,,,,,,,,
1317487,2022/23,2022-10-12,"Manuka Oval, Canberra",1,17.1,England,Australia,SM Curran,DJ Malan,JR Hazlewood,1,0,,,,,,,,,
1317487,2022/23,2022-10-12,"Manuka Oval, Canberra",1,17.2,England,Australia,DJ Malan,SM Curran,JR Hazlewood,0,0,,,,,,,,,
1317487,2022/23,2022-10-12,"Manuka Oval, Canberra",1,17.3,England,Australia,DJ Malan,SM Curran,JR Hazlewood,1,0,,,,,,,,,
1317487,2022/23,2022-10-12,"Manuka Oval, Canberra",1,17.4,England,Australia,SM Curran,DJ Malan,JR Hazlewood,0,0,,,,,,,,,
1317487,2022/23,2022-10-12,"Manuka Oval, Canberra",1,17.5,England,Australia,SM Curran,DJ Malan,JR Hazlewood,0,0,,,,,,,,,
1317487,2022/23,2022-10-12,"Manuka Oval, Canberra",1,17.6,England,Australia,SM Curran,DJ Malan,JR Hazlewood,6,0,,,,,,,,,
1317487,2022/23,2022-10-12,"Manuka Oval, Canberra",1,18.1,England,Australia,DJ Malan,SM Curran,MA Starc,0,0,,,,,,,,,
1317487,2022/23,2022-10-12,"Manuka Oval, Canberra",1,18.2,England,Australia,DJ Malan,SM Curran,MA Starc,2,0,,,,,,,,,
1317487,2022/23,2022-10-12,"Manuka Oval, Canberra",1,18.3,England,Australia,DJ Malan,SM Curran,MA Starc,1,0,,,,,,,,,
1317487,2022/23,2022-10-12,"Manuka Oval, Canberra",1,18.4,England,Australia,SM Curran,DJ Malan,MA Starc,0,0,,,,,,bowled,SM Curran,,
1317487,2022/23,2022-10-12,"Manuka Oval, Canberra",1,18.5,England,Australia,CJ Jordan,DJ Malan,MA Starc,1,0,,,,,,,,,
1317487,2022/23,2022-10-12,"Manuka Oval, Canberra",1,18.6,England,Australia,DJ Malan,CJ Jordan,MA Starc,6,0,,,,,,,,,
1317487,2022/23,2022-10-12,"Manuka Oval, Canberra",1,19.1,England,Australia,CJ Jordan,DJ Malan,MP Stoinis,0,1,,,,1,,,,,
1317487,2022/23,2022-10-12,"Manuka Oval, Canberra",1,19.2,England,Australia,DJ Malan,CJ Jordan,MP Stoinis,0,1,1,,,,,,,,
1317487,2022/23,2022-10-12,"Manuka Oval, Canberra",1,19.3,England,Australia,DJ Malan,CJ Jordan,MP Stoinis,4,0,,,,,,,,,
1317487,2022/23,2022-10-12,"Manuka Oval, Canberra",1,19.4,England,Australia,DJ Malan,CJ Jordan,MP Stoinis,0,0,,,,,,caught,DJ Malan,,
1317487,2022/23,2022-10-12,"Manuka Oval, Canberra",1,19.5,England,Australia,DJ Willey,CJ Jordan,MP Stoinis,0,0,,,,,,,,,
1317487,2022/23,2022-10-12,"Manuka Oval, Canberra",1,19.6,England,Australia,DJ Willey,CJ Jordan,MP Stoinis,0,1,,,1,,,,,,
1317487,2022/23,2022-10-12,"Manuka Oval, Canberra",1,19.7,England,Australia,CJ Jordan,DJ Willey,MP Stoinis,6,0,,,,,,,,,
1317487,2022/23,2022-10-12,"Manuka Oval, Canberra",2,0.1,Australia,England,DA Warner,AJ Finch,BA Stokes,1,0,,,,,,,,,
1317487,2022/23,2022-10-12,"Manuka Oval, Canberra",2,0.2,Australia,England,AJ Finch,DA Warner,BA Stokes,0,0,,,,,,,,,
1317487,2022/23,2022-10-12,"Manuka Oval, Canberra",2,0.3,Australia,England,AJ Finch,DA Warner,BA Stokes,1,0,,,,,,,,,
1317487,2022/23,2022-10-12,"Manuka Oval, Canberra",2,0.4,Australia,England,DA Warner,AJ Finch,BA Stokes,0,0,,,,,,,,,
1317487,2022/23,2022-10-12,"Manuka Oval, Canberra",2,0.5,Australia,England,DA Warner,AJ Finch,BA Stokes,1,0,,,,,,,,,
1317487,2022/23,2022-10-12,"Manuka Oval, Canberra",2,0.6,Australia,England,AJ Finch,DA Warner,BA Stokes,0,1,1,,,,,,,,
1317487,2022/23,2022-10-12,"Manuka Oval, Canberra",2,0.7,Australia,England,AJ Finch,DA Warner,BA Stokes,0,0,,,,,,,,,
1317487,2022/23,2022-10-12,"Manuka Oval, Canberra",2,1.1,Australia,England,DA Warner,AJ Finch,DJ Willey,0,0,,,,,,,,,
1317487,2022/23,2022-10-12,"Manuka Oval, Canberra",2,1.2,Australia,England,DA Warner,AJ Finch,DJ Willey,1,0,,,,,,,,,
1317487,2022/23,2022-10-12,"Manuka Oval, Canberra",2,1.3,Australia,England,AJ Finch,DA Warner,DJ Willey,0,0,,,,,,,,,
1317487,2022/23,2022-10-12,"Manuka Oval, Canberra",2,1.4,Australia,England,AJ Finch,DA Warner,DJ Willey,0,0,,,,,,,,,
1317487,2022/23,2022-10-12,"Manuka Oval, Canberra",2,1.5,Australia,England,AJ Finch,DA Warner,DJ Willey,4,0,,,,,,,,,
1317487,2022/23,2022-10-12,"Manuka Oval, Canberra",2,1.6,Australia,England,AJ Finch,DA Warner,DJ Willey,1,0,,,,,,,,,
1317487,2022/23,2022-10-12,"Manuka Oval, Canberra",2,2.1,Australia,England,AJ Finch,DA Warner,RJW Topley,0,1,1,,,,,,,,
1317487,2022/23,2022-10-12,"Manuka Oval, Canberra",2,2.2,Australia,England,AJ Finch,DA Warner,RJW Topley,0,0,,,,,,,,,
1317487,2022/23,2022-10-12,"Manuka Oval, Canberra",2,2.3,Australia,England,AJ Finch,DA Warner,RJW Topley,1,0,,,,,,,,,
1317487,2022/23,2022-10-12,"Manuka Oval, Canberra",2,2.4,Australia,England,DA Warner,AJ Finch,RJW Topley,0,0,,,,,,,,,
1317487,2022/23,2022-10-12,"Manuka Oval, Canberra",2,2.5,Australia,England,DA Warner,AJ Finch,RJW Topley,0,0,,,,,,,,,
1317487,2022/23,2022-10-12,"Manuka Oval, Canberra",2,2.6,Australia,England,DA Warner,AJ Finch,RJW Topley,0,0,,,,,,,,,
1317487,2022/23,2022-10-12,"Manuka Oval, Canberra",2,2.7,Australia,England,DA Warner,AJ Finch,RJW Topley,0,0,,,,,,,,,
1317487,2022/23,2022-10-12,"Manuka Oval, Canberra",2,3.1,Australia,England,AJ Finch,DA Warner,DJ Willey,0,0,,,,,,,,,
1317487,2022/23,2022-10-12,"Manuka Oval, Canberra",2,3.2,Australia,England,AJ Finch,DA Warner,DJ Willey,2,0,,,,,,,,,
1317487,2022/23,2022-10-12,"Manuka Oval, Canberra",2,3.3,Australia,England,AJ Finch,DA Warner,DJ Willey,0,1,1,,,,,,,,
1317487,2022/23,2022-10-12,"Manuka Oval, Canberra",2,3.4,Australia,England,AJ Finch,DA Warner,DJ Willey,0,1,1,,,,,,,,
1317487,2022/23,2022-10-12,"Manuka Oval, Canberra",2,3.5,Australia,England,AJ Finch,DA Warner,DJ Willey,4,0,,,,,,,,,
1317487,2022/23,2022-10-12,"Manuka Oval, Canberra",2,3.6,Australia,England,AJ Finch,DA Warner,DJ Willey,0,0,,,,,,caught,AJ Finch,,
1317487,2022/23,2022-10-12,"Manuka Oval, Canberra",2,3.7,Australia,England,MR Marsh,DA Warner,DJ Willey,1,0,,,,,,,,,
1317487,2022/23,2022-10-12,"Manuka Oval, Canberra",2,3.8,Australia,England,DA Warner,MR Marsh,DJ Willey,1,0,,,,,,,,,
1317487,2022/23,2022-10-12,"Manuka Oval, Canberra",2,4.1,Australia,England,DA Warner,MR Marsh,RJW Topley,0,0,,,,,,caught,DA Warner,,
1317487,2022/23,2022-10-12,"Manuka Oval, Canberra",2,4.2,Australia,England,GJ Maxwell,MR Marsh,RJW Topley,1,0,,,,,,,,,
1317487,2022/23,2022-10-12,"Manuka Oval, Canberra",2,4.3,Australia,England,MR Marsh,GJ Maxwell,RJW Topley,2,0,,,,,,,,,
1317487,2022/23,2022-10-12,"Manuka Oval, Canberra",2,4.4,Australia,England,MR Marsh,GJ Maxwell,RJW Topley,6,0,,,,,,,,,
1317487,2022/23,2022-10-12,"Manuka Oval, Canberra",2,4.5,Australia,England,MR Marsh,GJ Maxwell,RJW Topley,4,0,,,,,,,,,
1317487,2022/23,2022-10-12,"Manuka Oval, Canberra",2,4.6,Australia,England,MR Marsh,GJ Maxwell,RJW Topley,0,0,,,,,,,,,
1317487,2022/23,2022-10-12,"Manuka Oval, Canberra",2,5.1,Australia,England,GJ Maxwell,MR Marsh,DJ Willey,2,0,,,,,,,,,
1317487,2022/23,2022-10-12,"Manuka Oval, Canberra",2,5.2,Australia,England,GJ Maxwell,MR Marsh,DJ Willey,0,1,,,,1,,,,,
1317487,2022/23,2022-10-12,"Manuka Oval, Canberra",2,5.3,Australia,England,MR Marsh,GJ Maxwell,DJ Willey,1,0,,,,,,,,,
1317487,2022/23,2022-10-12,"Manuka Oval, Canberra",2,5.4,Australia,England,GJ Maxwell,MR Marsh,DJ Willey,0,0,,,,,,,,,
1317487,2022/23,2022-10-12,"Manuka Oval, Canberra",2,5.5,Australia,England,GJ Maxwell,MR Marsh,DJ Willey,2,0,,,,,,,,,
1317487,2022/23,2022-10-12,"Manuka Oval, Canberra",2,5.6,Australia,England,GJ Maxwell,MR Marsh,DJ Willey,0,0,,,,,,,,,
1317487,2022/23,2022-10-12,"Manuka Oval, Canberra",2,6.1,Australia,England,MR Marsh,GJ Maxwell,AU Rashid,1,0,,,,,,,,,
1317487,2022/23,2022-10-12,"Manuka Oval, Canberra",2,6.2,Australia,England,GJ Maxwell,MR Marsh,AU Rashid,0,0,,,,,,,,,
1317487,2022/23,2022-10-12,"Manuka Oval, Canberra",2,6.3,Australia,England,GJ Maxwell,MR Marsh,AU Rashid,1,0,,,,,,,,,
1317487,2022/23,2022-10-12,"Manuka Oval, Canberra",2,6.4,Australia,England,MR Marsh,GJ Maxwell,AU Rashid,0,0,,,,,,,,,
1317487,2022/23,2022-10-12,"Manuka Oval, Canberra",2,6.5,Australia,England,MR Marsh,GJ Maxwell,AU Rashid,1,0,,,,,,,,,
1317487,2022/23,2022-10-12,"Manuka Oval, Canberra",2,6.6,Australia,England,GJ Maxwell,MR Marsh,AU Rashid,1,0,,,,,,,,,
1317487,2022/23,2022-10-12,"Manuka Oval, Canberra",2,7.1,Australia,England,GJ Maxwell,MR Marsh,SM Curran,1,0,,,,,,,,,
1317487,2022/23,2022-10-12,"Manuka Oval, Canberra",2,7.2,Australia,England,MR Marsh,GJ Maxwell,SM Curran,4,0,,,,,,,,,
1317487,2022/23,2022-10-12,"Manuka Oval, Canberra",2,7.3,Australia,England,MR Marsh,GJ Maxwell,SM Curran,0,0,,,,,,,,,
1317487,2022/23,2022-10-12,"Manuka Oval, Canberra",2,7.4,Australia,England,MR Marsh,GJ Maxwell,SM Curran,1,0,,,,,,,,,
1317487,2022/23,2022-10-12,"Manuka Oval, Canberra",2,7.5,Australia,England,GJ Maxwell,MR Marsh,SM Curran,0,0,,,,,,caught,GJ Maxwell,,
1317487,2022/23,2022-10-12,"Manuka Oval, Canberra",2,7.6,Australia,England,MP Stoinis,MR Marsh,SM Curran,0,0,,,,,,,,,
1317487,2022/23,2022-10-12,"Manuka Oval, Canberra",2,8.1,Australia,England,MR Marsh,MP Stoinis,AU Rashid,1,0,,,,,,,,,
1317487,2022/23,2022-10-12,"Manuka Oval, Canberra",2,8.2,Australia,England,MP Stoinis,MR Marsh,AU Rashid,0,0,,,,,,,,,
1317487,2022/23,2022-10-12,"Manuka Oval, Canberra",2,8.3,Australia,England,MP Stoinis,MR Marsh,AU Rashid,6,0,,,,,,,,,
1317487,2022/23,2022-10-12,"Manuka Oval, Canberra",2,8.4,Australia,England,MP Stoinis,MR Marsh,AU Rashid,3,0,,,,,,,,,
1317487,2022/23,2022-10-12,"Manuka Oval, Canberra",2,8.5,Australia,England,MR Marsh,MP Stoinis,AU Rashid,1,0,,,,,,,,,
1317487,2022/23,2022-10-12,"Manuka Oval, Canberra",2,8.6,Australia,England,MP Stoinis,MR Marsh,AU Rashid,0,0,,,,,,,,,
1317487,2022/23,2022-10-12,"Manuka Oval, Canberra",2,9.1,Australia,England,MR Marsh,MP Stoinis,CJ Jordan,1,0,,,,,,,,,
1317487,2022/23,2022-10-12,"Manuka Oval, Canberra",2,9.2,Australia,England,MP Stoinis,MR Marsh,CJ Jordan,2,0,,,,,,,,,
1317487,2022/23,2022-10-12,"Manuka Oval, Canberra",2,9.3,Australia,England,MP Stoinis,MR Marsh,CJ Jordan,4,0,,,,,,,,,
1317487,2022/23,2022-10-12,"Manuka Oval, Canberra",2,9.4,Australia,England,MP Stoinis,MR Marsh,CJ Jordan,1,0,,,,,,,,,
1317487,2022/23,2022-10-12,"Manuka Oval, Canberra",2,9.5,Australia,England,MR Marsh,MP Stoinis,CJ Jordan,0,1,1,,,,,,,,
1317487,2022/23,2022-10-12,"Manuka Oval, Canberra",2,9.6,Australia,England,MR Marsh,MP Stoinis,CJ Jordan,1,0,,,,,,,,,
1317487,2022/23,2022-10-12,"Manuka Oval, Canberra",2,9.7,Australia,England,MP Stoinis,MR Marsh,CJ Jordan,0,1,1,,,,,,,,
1317487,2022/23,2022-10-12,"Manuka Oval, Canberra",2,9.8,Australia,England,MP Stoinis,MR Marsh,CJ Jordan,4,0,,,,,,,,,
1317487,2022/23,2022-10-12,"Manuka Oval, Canberra",2,10.1,Australia,England,MR Marsh,MP Stoinis,AU Rashid,1,0,,,,,,,,,
1317487,2022/23,2022-10-12,"Manuka Oval, Canberra",2,10.2,Australia,England,MP Stoinis,MR Marsh,AU Rashid,1,0,,,,,,,,,
1317487,2022/23,2022-10-12,"Manuka Oval, Canberra",2,10.3,Australia,England,MR Marsh,MP Stoinis,AU Rashid,6,0,,,,,,,,,
1317487,2022/23,2022-10-12,"Manuka Oval, Canberra",2,10.4,Australia,England,MR Marsh,MP Stoinis,AU Rashid,1,0,,,,,,,,,
1317487,2022/23,2022-10-12,"Manuka Oval, Canberra",2,10.5,Australia,England,MP Stoinis,MR Marsh,AU Rashid,1,0,,,,,,,,,
1317487,2022/23,2022-10-12,"Manuka Oval, Canberra",2,10.6,Australia,England,MR Marsh,MP Stoinis,AU Rashid,1,0,,,,,,,,,
1317487,2022/23,2022-10-12,"Manuka Oval, Canberra",2,11.1,Australia,England,MR Marsh,MP Stoinis,SM Curran,2,0,,,,,,,,,
1317487,2022/23,2022-10-12,"Manuka Oval, Canberra",2,11.2,Australia,England,MR Marsh,MP Stoinis,SM Curran,1,0,,,,,,,,,
1317487,2022/23,2022-10-12,"Manuka Oval, Canberra",2,11.3,Australia,England,MP Stoinis,MR Marsh,SM Curran,0,0,,,,,,,,,
1317487,2022/23,2022-10-12,"Manuka Oval, Canberra",2,11.4,Australia,England,MP Stoinis,MR Marsh,SM Curran,0,0,,,,,,caught,MP Stoinis,,
1317487,2022/23,2022-10-12,"Manuka Oval, Canberra",2,11.5,Australia,England,TH David,MR Marsh,SM Curran,1,0,,,,,,,,,
1317487,2022/23,2022-10-12,"Manuka Oval, Canberra",2,11.6,Australia,England,MR Marsh,TH David,SM Curran,0,0,,,,,,,,,
1317487,2022/23,2022-10-12,"Manuka Oval, Canberra",2,12.1,Australia,England,TH David,MR Marsh,AU Rashid,0,0,,,,,,,,,
1317487,2022/23,2022-10-12,"Manuka Oval, Canberra",2,12.2,Australia,England,TH David,MR Marsh,AU Rashid,4,0,,,,,,,,,
1317487,2022/23,2022-10-12,"Manuka Oval, Canberra",2,12.3,Australia,England,TH David,MR Marsh,AU Rashid,4,0,,,,,,,,,
1317487,2022/23,2022-10-12,"Manuka Oval, Canberra",2,12.4,Australia,England,TH David,MR Marsh,AU Rashid,2,0,,,,,,,,,
1317487,2022/23,2022-10-12,"Manuka Oval, Canberra",2,12.5,Australia,England,TH David,MR Marsh,AU Rashid,2,0,,,,,,,,,
1317487,2022/23,2022-10-12,"Manuka Oval, Canberra",2,12.6,Australia,England,TH David,MR Marsh,AU Rashid,0,0,,,,,,,,,
1317487,2022/23,2022-10-12,"Manuka Oval, Canberra",2,13.1,Australia,England,MR Marsh,TH David,CJ Jordan,2,0,,,,,,,,,
1317487,2022/23,2022-10-12,"Manuka Oval, Canberra",2,13.2,Australia,England,MR Marsh,TH David,CJ Jordan,1,0,,,,,,,,,
1317487,2022/23,2022-10-12,"Manuka Oval, Canberra",2,13.3,Australia,England,TH David,MR Marsh,CJ Jordan,0,1,,1,,,,,,,
1317487,2022/23,2022-10-12,"Manuka Oval, Canberra",2,13.4,Australia,England,TH David,MR Marsh,CJ Jordan,1,0,,,,,,,,,
1317487,2022/23,2022-10-12,"Manuka Oval, Canberra",2,13.5,Australia,England,MR Marsh,TH David,CJ Jordan,4,0,,,,,,,,,
1317487,2022/23,2022-10-12,"Manuka Oval, Canberra",2,13.6,Australia,England,MR Marsh,TH David,CJ Jordan,0,0,,,,,,,,,
1317487,2022/23,2022-10-12,"Manuka Oval, Canberra",2,13.7,Australia,England,MR Marsh,TH David,CJ Jordan,1,0,,,,,,,,,
1317487,2022/23,2022-10-12,"Manuka Oval, Canberra",2,14.1,Australia,England,MR Marsh,TH David,BA Stokes,0,0,,,,,,caught,MR Marsh,,
1317487,2022/23,2022-10-12,"Manuka Oval, Canberra",2,14.2,Australia,England,MS Wade,TH David,BA Stokes,0,0,,,,,,,,,
1317487,2022/23,2022-10-12,"Manuka Oval, Canberra",2,14.3,Australia,England,MS Wade,TH David,BA Stokes,1,0,,,,,,,,,
1317487,2022/23,2022-10-12,"Manuka Oval, Canberra",2,14.4,Australia,England,TH David,MS Wade,BA Stokes,4,0,,,,,,,,,
1317487,2022/23,2022-10-12,"Manuka Oval, Canberra",2,14.5,Australia,England,TH David,MS Wade,BA Stokes,0,0,,,,,,,,,
1317487,2022/23,2022-10-12,"Manuka Oval, Canberra",2,14.6,Australia,England,TH David,MS Wade,BA Stokes,1,0,,,,,,,,,
1317487,2022/23,2022-10-12,"Manuka Oval, Canberra",2,15.1,Australia,England,TH David,MS Wade,RJW Topley,1,0,,,,,,,,,
1317487,2022/23,2022-10-12,"Manuka Oval, Canberra",2,15.2,Australia,England,MS Wade,TH David,RJW Topley,0,1,1,,,,,,,,
1317487,2022/23,2022-10-12,"Manuka Oval, Canberra",2,15.3,Australia,England,MS Wade,TH David,RJW Topley,1,0,,,,,,,,,
1317487,2022/23,2022-10-12,"Manuka Oval, Canberra",2,15.4,Australia,England,TH David,MS Wade,RJW Topley,4,0,,,,,,,,,
1317487,2022/23,2022-10-12,"Manuka Oval, Canberra",2,15.5,Australia,England,TH David,MS Wade,RJW Topley,2,0,,,,,,,,,
1317487,2022/23,2022-10-12,"Manuka Oval, Canberra",2,15.6,Australia,England,TH David,MS Wade,RJW Topley,1,0,,,,,,,,,
1317487,2022/23,2022-10-12,"Manuka Oval, Canberra",2,15.7,Australia,England,MS Wade,TH David,RJW Topley,1,0,,,,,,,,,
1317487,2022/23,2022-10-12,"Manuka Oval, Canberra",2,16.1,Australia,England,MS Wade,TH David,CJ Jordan,1,0,,,,,,,,,
1317487,2022/23,2022-10-12,"Manuka Oval, Canberra",2,16.2,Australia,England,TH David,MS Wade,CJ Jordan,2,0,,,,,,,,,
1317487,2022/23,2022-10-12,"Manuka Oval, Canberra",2,16.3,Australia,England,TH David,MS Wade,CJ Jordan,0,0,,,,,,,,,
1317487,2022/23,2022-10-12,"Manuka Oval, Canberra",2,16.4,Australia,England,TH David,MS Wade,CJ Jordan,4,0,,,,,,,,,
1317487,2022/23,2022-10-12,"Manuka Oval, Canberra",2,16.5,Australia,England,TH David,MS Wade,CJ Jordan,6,0,,,,,,,,,
1317487,2022/23,2022-10-12,"Manuka Oval, Canberra",2,16.6,Australia,England,TH David,MS Wade,CJ Jordan,1,0,,,,,,,,,
1317487,2022/23,2022-10-12,"Manuka Oval, Canberra",2,17.1,Australia,England,TH David,MS Wade,SM Curran,0,0,,,,,,,,,
1317487,2022/23,2022-10-12,"Manuka Oval, Canberra",2,17.2,Australia,England,TH David,MS Wade,SM Curran,0,0,,,,,,bowled,TH David,,
1317487,2022/23,2022-10-12,"Manuka Oval, Canberra",2,17.3,Australia,England,PJ Cummins,MS Wade,SM Curran,0,0,,,,,,,,,
1317487,2022/23,2022-10-12,"Manuka Oval, Canberra",2,17.4,Australia,England,PJ Cummins,MS Wade,SM Curran,1,0,,,,,,,,,
1317487,2022/23,2022-10-12,"Manuka Oval, Canberra",2,17.5,Australia,England,MS Wade,PJ Cummins,SM Curran,0,1,,,,1,,,,,
1317487,2022/23,2022-10-12,"Manuka Oval, Canberra",2,17.6,Australia,England,PJ Cummins,MS Wade,SM Curran,1,0,,,,,,,,,
1317487,2022/23,2022-10-12,"Manuka Oval, Canberra",2,18.1,Australia,England,PJ Cummins,MS Wade,RJW Topley,1,0,,,,,,,,,
1317487,2022/23,2022-10-12,"Manuka Oval, Canberra",2,18.2,Australia,England,MS Wade,PJ Cummins,RJW Topley,1,0,,,,,,,,,
1317487,2022/23,2022-10-12,"Manuka Oval, Canberra",2,18.3,Australia,England,PJ Cummins,MS Wade,RJW Topley,2,0,,,,,,,,,
1317487,2022/23,2022-10-12,"Manuka Oval, Canberra",2,18.4,Australia,England,PJ Cummins,MS Wade,RJW Topley,2,0,,,,,,,,,
1317487,2022/23,2022-10-12,"Manuka Oval, Canberra",2,18.5,Australia,England,PJ Cummins,MS Wade,RJW Topley,1,0,,,,,,,,,
1317487,2022/23,2022-10-12,"Manuka Oval, Canberra",2,18.6,Australia,England,MS Wade,PJ Cummins,RJW Topley,2,0,,,,,,,,,
1317487,2022/23,2022-10-12,"Manuka Oval, Canberra",2,19.1,Australia,England,PJ Cummins,MS Wade,SM Curran,6,0,,,,,,,,,
1317487,2022/23,2022-10-12,"Manuka Oval, Canberra",2,19.2,Australia,England,PJ Cummins,MS Wade,SM Curran,2,0,,,,,,,,,
1317487,2022/23,2022-10-12,"Manuka Oval, Canberra",2,19.3,Australia,England,PJ Cummins,MS Wade,SM Curran,1,0,,,,,,,,,
1317487,2022/23,2022-10-12,"Manuka Oval, Canberra",2,19.4,Australia,England,MS Wade,PJ Cummins,SM Curran,1,0,,,,,,,,,
1317487,2022/23,2022-10-12,"Manuka Oval, Canberra",2,19.5,Australia,England,PJ Cummins,MS Wade,SM Curran,1,0,,,,,,,,,
1317487,2022/23,2022-10-12,"Manuka Oval, Canberra",2,19.6,Australia,England,MS Wade,PJ Cummins,SM Curran,2,0,,,,,,,,,
