match_id,season,start_date,venue,innings,ball,batting_team,bowling_team,striker,non_striker,bowler,runs_off_bat,extras,wides,noballs,byes,legbyes,penalty,wicket_type,player_dismissed,other_wicket_type,other_player_dismissed
1317486,2022/23,2022-10-09,Perth Stadium,1,0.1,England,Australia,JC Buttler,AD Hales,C Green,0,0,,,,,,,,,
1317486,2022/23,2022-10-09,Perth Stadium,1,0.2,England,Australia,JC Buttler,AD Hales,C Green,4,0,,,,,,,,,
1317486,2022/23,2022-10-09,Perth Stadium,1,0.3,England,Australia,JC Buttler,AD Hales,C Green,4,0,,,,,,,,,
1317486,2022/23,2022-10-09,Perth Stadium,1,0.4,England,Australia,JC Buttler,AD Hales,C Green,4,0,,,,,,,,,
1317486,2022/23,2022-10-09,Perth Stadium,1,0.5,England,Australia,JC Buttler,AD Hales,C Green,0,0,,,,,,,,,
1317486,2022/23,2022-10-09,Perth Stadium,1,0.6,England,Australia,JC Buttler,AD Hales,C Green,4,0,,,,,,,,,
1317486,2022/23,2022-10-09,Perth Stadium,1,1.1,England,Australia,AD Hales,JC Buttler,KW Richardson,0,0,,,,,,,,,
1317486,2022/23,2022-10-09,Perth Stadium,1,1.2,England,Australia,AD Hales,JC Buttler,KW Richardson,0,0,,,,,,,,,
1317486,2022/23,2022-10-09,Perth Stadium,1,1.3,England,Australia,AD Hales,JC Buttler,KW Richardson,0,0,,,,,,,,,
1317486,2022/23,2022-10-09,Perth Stadium,1,1.4,England,Australia,AD Hales,JC Buttler,KW Richardson,4,0,,,,,,,,,
1317486,2022/23,2022-10-09,Perth Stadium,1,1.5,England,Australia,AD Hales,JC Buttler,KW Richardson,0,1,,,,1,,,,,
1317486,2022/23,2022-10-09,Perth Stadium,1,1.6,England,Australia,JC Buttler,AD Hales,KW Richardson,0,0,,,,,,,,,
1317486,2022/23,2022-10-09,Perth Stadium,1,2.1,England,Australia,AD Hales,JC Buttler,DR Sams,0,0,,,,,,,,,
1317486,2022/23,2022-10-09,Perth Stadium,1,2.2,England,Australia,AD Hales,JC Buttler,DR Sams,0,0,,,,,,,,,
1317486,2022/23,2022-10-09,Perth Stadium,1,2.3,England,Australia,AD Hales,JC Buttler,DR Sams,6,0,,,,,,,,,
1317486,2022/23,2022-10-09,Perth Stadium,1,2.4,England,Australia,AD Hales,JC Buttler,DR Sams,1,0,,,,,,,,,
1317486,2022/23,2022-10-09,Perth Stadium,1,2.5,England,Australia,JC Buttler,AD Hales,DR Sams,0,0,,,,,,,,,
1317486,2022/23,2022-10-09,Perth Stadium,1,2.6,England,Australia,JC Buttler,AD Hales,DR Sams,2,0,,,,,,,,,
1317486,2022/23,2022-10-09,Perth Stadium,1,3.1,England,Australia,AD Hales,JC Buttler,NT Ellis,1,0,,,,,,,,,
1317486,2022/23,2022-10-09,Perth Stadium,1,3.2,England,Australia,JC Buttler,AD Hales,NT Ellis,1,0,,,,,,,,,
1317486,2022/23,2022-10-09,Perth Stadium,1,3.3,England,Australia,AD Hales,JC Buttler,NT Ellis,1,0,,,,,,,,,
1317486,2022/23,2022-10-09,Perth Stadium,1,3.4,England,Australia,JC Buttler,AD Hales,NT Ellis,1,0,,,,,,,,,
1317486,2022/23,2022-10-09,Perth Stadium,1,3.5,England,Australia,AD Hales,JC Buttler,NT Ellis,1,0,,,,,,,,,
1317486,2022/23,2022-10-09,Perth Stadium,1,3.6,England,Australia,JC Buttler,AD Hales,NT Ellis,0,0,,,,,,,,,
1317486,2022/23,2022-10-09,Perth Stadium,1,4.1,England,Australia,AD Hales,JC Buttler,KW Richardson,4,0,,,,,,,,,
1317486,2022/23,2022-10-09,Perth Stadium,1,4.2,England,Australia,AD Hales,JC Buttler,KW Richardson,1,0,,,,,,,,,
1317486,2022/23,2022-10-09,Perth Stadium,1,4.3,England,Australia,JC Buttler,AD Hales,KW Richardson,0,0,,,,,,,,,
1317486,2022/23,2022-10-09,Perth Stadium,1,4.4,England,Australia,JC Buttler,AD Hales,KW Richardson,4,0,,,,,,,,,
1317486,2022/23,2022-10-09,Perth Stadium,1,4.5,England,Australia,JC Buttler,AD Hales,KW Richardson,6,0,,,,,,,,,
1317486,2022/23,2022-10-09,Perth Stadium,1,4.6,England,Australia,JC Buttler,AD Hales,KW Richardson,0,0,,,,,,,,,
1317486,2022/23,2022-10-09,Perth Stadium,1,5.1,England,Australia,AD Hales,JC Buttler,NT Ellis,4,0,,,,,,,,,
1317486,2022/23,2022-10-09,Perth Stadium,1,5.2,England,Australia,AD Hales,JC Buttler,NT Ellis,0,0,,,,,,,,,
1317486,2022/23,2022-10-09,Perth Stadium,1,5.3,England,Australia,AD Hales,JC Buttler,NT Ellis,1,0,,,,,,,,,
1317486,2022/23,2022-10-09,Perth Stadium,1,5.4,England,Australia,JC Buttler,AD Hales,NT Ellis,1,0,,,,,,,,,
1317486,2022/23,2022-10-09,Perth Stadium,1,5.5,England,Australia,AD Hales,JC Buttler,NT Ellis,1,0,,,,,,,,,
1317486,2022/23,2022-10-09,Perth Stadium,1,5.6,England,Australia,JC Buttler,AD Hales,NT Ellis,1,0,,,,,,,,,
1317486,2022/23,2022-10-09,Perth Stadium,1,6.1,England,Australia,JC Buttler,AD Hales,MJ Swepson,6,0,,,,,,,,,
1317486,2022/23,2022-10-09,Perth Stadium,1,6.2,England,Australia,JC Buttler,AD Hales,MJ Swepson,6,0,,,,,,,,,
1317486,2022/23,2022-10-09,Perth Stadium,1,6.3,England,Australia,JC Buttler,AD Hales,MJ Swepson,1,0,,,,,,,,,
1317486,2022/23,2022-10-09,Perth Stadium,1,6.4,England,Australia,AD Hales,JC Buttler,MJ Swepson,0,0,,,,,,,,,
1317486,2022/23,2022-10-09,Perth Stadium,1,6.5,England,Australia,AD Hales,JC Buttler,MJ Swepson,0,0,,,,,,,,,
1317486,2022/23,2022-10-09,Perth Stadium,1,6.6,England,Australia,AD Hales,JC Buttler,MJ Swepson,1,0,,,,,,,,,
1317486,2022/23,2022-10-09,Perth Stadium,1,7.1,England,Australia,AD Hales,JC Buttler,MP Stoinis,4,0,,,,,,,,,
1317486,2022/23,2022-10-09,Perth Stadium,1,7.2,England,Australia,AD Hales,JC Buttler,MP Stoinis,6,0,,,,,,,,,
1317486,2022/23,2022-10-09,Perth Stadium,1,7.3,England,Australia,AD Hales,JC Buttler,MP Stoinis,0,1,1,,,,,,,,
1317486,2022/23,2022-10-09,Perth Stadium,1,7.4,England,Australia,AD Hales,JC Buttler,MP Stoinis,6,0,,,,,,,,,
1317486,2022/23,2022-10-09,Perth Stadium,1,7.5,England,Australia,AD Hales,JC Buttler,MP Stoinis,2,0,,,,,,,,,
1317486,2022/23,2022-10-09,Perth Stadium,1,7.6,England,Australia,AD Hales,JC Buttler,MP Stoinis,1,0,,,,,,,,,
1317486,2022/23,2022-10-09,Perth Stadium,1,7.7,England,Australia,JC Buttler,AD Hales,MP Stoinis,1,0,,,,,,,,,
1317486,2022/23,2022-10-09,Perth Stadium,1,8.1,England,Australia,JC Buttler,AD Hales,C Green,1,0,,,,,,,,,
1317486,2022/23,2022-10-09,Perth Stadium,1,8.2,England,Australia,AD Hales,JC Buttler,C Green,1,0,,,,,,,,,
1317486,2022/23,2022-10-09,Perth Stadium,1,8.3,England,Australia,JC Buttler,AD Hales,C Green,0,0,,,,,,,,,
1317486,2022/23,2022-10-09,Perth Stadium,1,8.4,England,Australia,JC Buttler,AD Hales,C Green,4,0,,,,,,,,,
1317486,2022/23,2022-10-09,Perth Stadium,1,8.5,England,Australia,JC Buttler,AD Hales,C Green,1,0,,,,,,,,,
1317486,2022/23,2022-10-09,Perth Stadium,1,8.6,England,Australia,AD Hales,JC Buttler,C Green,1,0,,,,,,,,,
1317486,2022/23,2022-10-09,Perth Stadium,1,9.1,England,Australia,AD Hales,JC Buttler,MJ Swepson,4,0,,,,,,,,,
1317486,2022/23,2022-10-09,Perth Stadium,1,9.2,England,Australia,AD Hales,JC Buttler,MJ Swepson,1,0,,,,,,,,,
1317486,2022/23,2022-10-09,Perth Stadium,1,9.3,England,Australia,JC Buttler,AD Hales,MJ Swepson,6,0,,,,,,,,,
1317486,2022/23,2022-10-09,Perth Stadium,1,9.4,England,Australia,JC Buttler,AD Hales,MJ Swepson,1,0,,,,,,,,,
1317486,2022/23,2022-10-09,Perth Stadium,1,9.5,England,Australia,AD Hales,JC Buttler,MJ Swepson,1,0,,,,,,,,,
1317486,2022/23,2022-10-09,Perth Stadium,1,9.6,England,Australia,JC Buttler,AD Hales,MJ Swepson,4,0,,,,,,,,,
1317486,2022/23,2022-10-09,Perth Stadium,1,10.1,England,Australia,AD Hales,JC Buttler,DR Sams,4,0,,,,,,,,,
1317486,2022/23,2022-10-09,Perth Stadium,1,10.2,England,Australia,AD Hales,JC Buttler,DR Sams,0,0,,,,,,,,,
1317486,2022/23,2022-10-09,Perth Stadium,1,10.3,England,Australia,AD Hales,JC Buttler,DR Sams,4,0,,,,,,,,,
1317486,2022/23,2022-10-09,Perth Stadium,1,10.4,England,Australia,AD Hales,JC Buttler,DR Sams,0,0,,,,,,,,,
1317486,2022/23,2022-10-09,Perth Stadium,1,10.5,England,Australia,AD Hales,JC Buttler,DR Sams,1,0,,,,,,,,,
1317486,2022/23,2022-10-09,Perth Stadium,1,10.6,England,Australia,JC Buttler,AD Hales,DR Sams,1,0,,,,,,,,,
1317486,2022/23,2022-10-09,Perth Stadium,1,11.1,England,Australia,JC Buttler,AD Hales,NT Ellis,4,0,,,,,,,,,
1317486,2022/23,2022-10-09,Perth Stadium,1,11.2,England,Australia,JC Buttler,AD Hales,NT Ellis,0,0,,,,,,caught,JC Buttler,,
1317486,2022/23,2022-10-09,Perth Stadium,1,11.3,England,Australia,BA Stokes,AD Hales,NT Ellis,1,0,,,,,,,,,
1317486,2022/23,2022-10-09,Perth Stadium,1,11.4,England,Australia,AD Hales,BA Stokes,NT Ellis,1,0,,,,,,,,,
1317486,2022/23,2022-10-09,Perth Stadium,1,11.5,England,Australia,BA Stokes,AD Hales,NT Ellis,0,0,,,,,,,,,
1317486,2022/23,2022-10-09,Perth Stadium,1,11.6,England,Australia,BA Stokes,AD Hales,NT Ellis,0,0,,,,,,,,,
1317486,2022/23,2022-10-09,Perth Stadium,1,12.1,England,Australia,AD Hales,BA Stokes,C Green,0,0,,,,,,,,,
1317486,2022/23,2022-10-09,Perth Stadium,1,12.2,England,Australia,AD Hales,BA Stokes,C Green,0,0,,,,,,,,,
1317486,2022/23,2022-10-09,Perth Stadium,1,12.3,England,Australia,AD Hales,BA Stokes,C Green,4,0,,,,,,,,,
1317486,2022/23,2022-10-09,Perth Stadium,1,12.4,England,Australia,AD Hales,BA Stokes,C Green,0,1,1,,,,,,,,
1317486,2022/23,2022-10-09,Perth Stadium,1,12.5,England,Australia,AD Hales,BA Stokes,C Green,0,1,,1,,,,,,,
1317486,2022/23,2022-10-09,Perth Stadium,1,12.6,England,Australia,AD Hales,BA Stokes,C Green,4,0,,,,,,,,,
1317486,2022/23,2022-10-09,Perth Stadium,1,12.7,England,Australia,AD Hales,BA Stokes,C Green,4,0,,,,,,,,,
1317486,2022/23,2022-10-09,Perth Stadium,1,12.8,England,Australia,AD Hales,BA Stokes,C Green,0,0,,,,,,,,,
1317486,2022/23,2022-10-09,Perth Stadium,1,13.1,England,Australia,BA Stokes,AD Hales,DR Sams,2,0,,,,,,,,,
1317486,2022/23,2022-10-09,Perth Stadium,1,13.2,England,Australia,BA Stokes,AD Hales,DR Sams,0,0,,,,,,,,,
1317486,2022/23,2022-10-09,Perth Stadium,1,13.3,England,Australia,BA Stokes,AD Hales,DR Sams,1,0,,,,,,,,,
1317486,2022/23,2022-10-09,Perth Stadium,1,13.4,England,Australia,AD Hales,BA Stokes,DR Sams,4,0,,,,,,,,,
1317486,2022/23,2022-10-09,Perth Stadium,1,13.5,England,Australia,AD Hales,BA Stokes,DR Sams,4,0,,,,,,,,,
1317486,2022/23,2022-10-09,Perth Stadium,1,13.6,England,Australia,AD Hales,BA Stokes,DR Sams,0,0,,,,,,,,,
1317486,2022/23,2022-10-09,Perth Stadium,1,14.1,England,Australia,BA Stokes,AD Hales,MP Stoinis,1,0,,,,,,,,,
1317486,2022/23,2022-10-09,Perth Stadium,1,14.2,England,Australia,AD Hales,BA Stokes,MP Stoinis,1,0,,,,,,,,,
1317486,2022/23,2022-10-09,Perth Stadium,1,14.3,England,Australia,BA Stokes,AD Hales,MP Stoinis,4,0,,,,,,,,,
1317486,2022/23,2022-10-09,Perth Stadium,1,14.4,England,Australia,BA Stokes,AD Hales,MP Stoinis,0,0,,,,,,caught,BA Stokes,,
1317486,2022/23,2022-10-09,Perth Stadium,1,14.5,England,Australia,HC Brook,AD Hales,MP Stoinis,1,0,,,,,,,,,
1317486,2022/23,2022-10-09,Perth Stadium,1,14.6,England,Australia,AD Hales,HC Brook,MP Stoinis,0,1,,,,1,,,,,
1317486,2022/23,2022-10-09,Perth Stadium,1,15.1,England,Australia,AD Hales,HC Brook,KW Richardson,0,0,,,,,,,,,
1317486,2022/23,2022-10-09,Perth Stadium,1,15.2,England,Australia,AD Hales,HC Brook,KW Richardson,0,0,,,,,,caught,AD Hales,,
1317486,2022/23,2022-10-09,Perth Stadium,1,15.3,England,Australia,MM Ali,HC Brook,KW Richardson,1,0,,,,,,,,,
1317486,2022/23,2022-10-09,Perth Stadium,1,15.4,England,Australia,HC Brook,MM Ali,KW Richardson,4,0,,,,,,,,,
1317486,2022/23,2022-10-09,Perth Stadium,1,15.5,England,Australia,HC Brook,MM Ali,KW Richardson,0,0,,,,,,,,,
1317486,2022/23,2022-10-09,Perth Stadium,1,15.6,England,Australia,HC Brook,MM Ali,KW Richardson,1,0,,,,,,,,,
1317486,2022/23,2022-10-09,Perth Stadium,1,16.1,England,Australia,HC Brook,MM Ali,MP Stoinis,0,0,,,,,,,,,
1317486,2022/23,2022-10-09,Perth Stadium,1,16.2,England,Australia,HC Brook,MM Ali,MP Stoinis,1,0,,,,,,,,,
1317486,2022/23,2022-10-09,Perth Stadium,1,16.3,England,Australia,MM Ali,HC Brook,MP Stoinis,1,0,,,,,,,,,
1317486,2022/23,2022-10-09,Perth Stadium,1,16.4,England,Australia,HC Brook,MM Ali,MP Stoinis,1,0,,,,,,,,,
1317486,2022/23,2022-10-09,Perth Stadium,1,16.5,England,Australia,MM Ali,HC Brook,MP Stoinis,1,0,,,,,,,,,
1317486,2022/23,2022-10-09,Perth Stadium,1,16.6,England,Australia,HC Brook,MM Ali,MP Stoinis,4,0,,,,,,,,,
1317486,2022/23,2022-10-09,Perth Stadium,1,17.1,England,Australia,MM Ali,HC Brook,DR Sams,0,2,2,,,,,,,,
1317486,2022/23,2022-10-09,Perth Stadium,1,17.2,England,Australia,HC Brook,MM Ali,DR Sams,0,0,,,,,,,,,
1317486,2022/23,2022-10-09,Perth Stadium,1,17.3,England,Australia,HC Brook,MM Ali,DR Sams,0,0,,,,,,caught,HC Brook,,
1317486,2022/23,2022-10-09,Perth Stadium,1,17.4,England,Australia,SM Curran,MM Ali,DR Sams,1,0,,,,,,,,,
1317486,2022/23,2022-10-09,Perth Stadium,1,17.5,England,Australia,MM Ali,SM Curran,DR Sams,1,0,,,,,,,,,
1317486,2022/23,2022-10-09,Perth Stadium,1,17.6,England,Australia,SM Curran,MM Ali,DR Sams,1,0,,,,,,,,,
1317486,2022/23,2022-10-09,Perth Stadium,1,17.7,England,Australia,MM Ali,SM Curran,DR Sams,0,1,1,,,,,,,,
1317486,2022/23,2022-10-09,Perth Stadium,1,17.8,England,Australia,MM Ali,SM Curran,DR Sams,6,0,,,,,,,,,
1317486,2022/23,2022-10-09,Perth Stadium,1,18.1,England,Australia,SM Curran,MM Ali,NT Ellis,0,0,,,,,,,,,
1317486,2022/23,2022-10-09,Perth Stadium,1,18.2,England,Australia,SM Curran,MM Ali,NT Ellis,0,0,,,,,,,,,
1317486,2022/23,2022-10-09,Perth Stadium,1,18.3,England,Australia,SM Curran,MM Ali,NT Ellis,0,0,,,,,,bowled,SM Curran,,
1317486,2022/23,2022-10-09,Perth Stadium,1,18.4,England,Australia,DJ Malan,MM Ali,NT Ellis,1,0,,,,,,,,,
1317486,2022/23,2022-10-09,Perth Stadium,1,18.5,England,Australia,MM Ali,DJ Malan,NT Ellis,0,0,,,,,,,,,
1317486,2022/23,2022-10-09,Perth Stadium,1,18.6,England,Australia,MM Ali,DJ Malan,NT Ellis,0,0,,,,,,caught,MM Ali,,
1317486,2022/23,2022-10-09,Perth Stadium,1,19.1,England,Australia,DJ Malan,CR Woakes,KW Richardson,1,0,,,,,,,,,
1317486,2022/23,2022-10-09,Perth Stadium,1,19.2,England,Australia,CR Woakes,DJ Malan,KW Richardson,2,0,,,,,,,,,
1317486,2022/23,2022-10-09,Perth Stadium,1,19.3,England,Australia,CR Woakes,DJ Malan,KW Richardson,4,0,,,,,,,,,
1317486,2022/23,2022-10-09,Perth Stadium,1,19.4,England,Australia,CR Woakes,DJ Malan,KW Richardson,0,0,,,,,,,,,
1317486,2022/23,2022-10-09,Perth Stadium,1,19.5,England,Australia,CR Woakes,DJ Malan,KW Richardson,6,0,,,,,,,,,
1317486,2022/23,2022-10-09,Perth Stadium,1,19.6,England,Australia,CR Woakes,DJ Malan,KW Richardson,1,0,,,,,,,,,
1317486,2022/23,2022-10-09,Perth Stadium,2,0.1,Australia,England,DA Warner,C Green,CR Woakes,0,0,,,,,,,,,
1317486,2022/23,2022-10-09,Perth Stadium,2,0.2,Australia,England,DA Warner,C Green,CR Woakes,2,0,,,,,,,,,
1317486,2022/23,2022-10-09,Perth Stadium,2,0.3,Australia,England,DA Warner,C Green,CR Woakes,6,0,,,,,,,,,
1317486,2022/23,2022-10-09,Perth Stadium,2,0.4,Australia,England,DA Warner,C Green,CR Woakes,4,0,,,,,,,,,
1317486,2022/23,2022-10-09,Perth Stadium,2,0.5,Australia,England,DA Warner,C Green,CR Woakes,1,0,,,,,,,,,
1317486,2022/23,2022-10-09,Perth Stadium,2,0.6,Australia,England,C Green,DA Warner,CR Woakes,1,0,,,,,,,,,
1317486,2022/23,2022-10-09,Perth Stadium,2,1.1,Australia,England,C Green,DA Warner,RJW Topley,0,1,1,,,,,,,,
1317486,2022/23,2022-10-09,Perth Stadium,2,1.2,Australia,England,C Green,DA Warner,RJW Topley,0,0,,,,,,caught,C Green,,
1317486,2022/23,2022-10-09,Perth Stadium,2,1.3,Australia,England,MR Marsh,DA Warner,RJW Topley,0,0,,,,,,,,,
1317486,2022/23,2022-10-09,Perth Stadium,2,1.4,Australia,England,MR Marsh,DA Warner,RJW Topley,0,1,1,,,,,,,,
1317486,2022/23,2022-10-09,Perth Stadium,2,1.5,Australia,England,MR Marsh,DA Warner,RJW Topley,0,0,,,,,,,,,
1317486,2022/23,2022-10-09,Perth Stadium,2,1.6,Australia,England,MR Marsh,DA Warner,RJW Topley,0,0,,,,,,,,,
1317486,2022/23,2022-10-09,Perth Stadium,2,1.7,Australia,England,MR Marsh,DA Warner,RJW Topley,1,0,,,,,,,,,
1317486,2022/23,2022-10-09,Perth Stadium,2,1.8,Australia,England,DA Warner,MR Marsh,RJW Topley,3,0,,,,,,,,,
1317486,2022/23,2022-10-09,Perth Stadium,2,2.1,Australia,England,DA Warner,MR Marsh,CR Woakes,1,0,,,,,,,,,
1317486,2022/23,2022-10-09,Perth Stadium,2,2.2,Australia,England,MR Marsh,DA Warner,CR Woakes,6,0,,,,,,,,,
1317486,2022/23,2022-10-09,Perth Stadium,2,2.3,Australia,England,MR Marsh,DA Warner,CR Woakes,0,0,,,,,,,,,
1317486,2022/23,2022-10-09,Perth Stadium,2,2.4,Australia,England,MR Marsh,DA Warner,CR Woakes,0,0,,,,,,,,,
1317486,2022/23,2022-10-09,Perth Stadium,2,2.5,Australia,England,MR Marsh,DA Warner,CR Woakes,0,1,,,,1,,,,,
1317486,2022/23,2022-10-09,Perth Stadium,2,2.6,Australia,England,DA Warner,MR Marsh,CR Woakes,0,0,,,,,,,,,
1317486,2022/23,2022-10-09,Perth Stadium,2,3.1,Australia,England,MR Marsh,DA Warner,MA Wood,0,0,,,,,,,,,
1317486,2022/23,2022-10-09,Perth Stadium,2,3.2,Australia,England,MR Marsh,DA Warner,MA Wood,1,0,,,,,,,,,
1317486,2022/23,2022-10-09,Perth Stadium,2,3.3,Australia,England,DA Warner,MR Marsh,MA Wood,4,0,,,,,,,,,
1317486,2022/23,2022-10-09,Perth Stadium,2,3.4,Australia,England,DA Warner,MR Marsh,MA Wood,4,0,,,,,,,,,
1317486,2022/23,2022-10-09,Perth Stadium,2,3.5,Australia,England,DA Warner,MR Marsh,MA Wood,4,0,,,,,,,,,
1317486,2022/23,2022-10-09,Perth Stadium,2,3.6,Australia,England,DA Warner,MR Marsh,MA Wood,0,0,,,,,,,,,
1317486,2022/23,2022-10-09,Perth Stadium,2,4.1,Australia,England,MR Marsh,DA Warner,RJW Topley,0,0,,,,,,,,,
1317486,2022/23,2022-10-09,Perth Stadium,2,4.2,Australia,England,MR Marsh,DA Warner,RJW Topley,4,0,,,,,,,,,
1317486,2022/23,2022-10-09,Perth Stadium,2,4.3,Australia,England,MR Marsh,DA Warner,RJW Topley,0,1,,,,1,,,,,
1317486,2022/23,2022-10-09,Perth Stadium,2,4.4,Australia,England,DA Warner,MR Marsh,RJW Topley,1,0,,,,,,,,,
1317486,2022/23,2022-10-09,Perth Stadium,2,4.5,Australia,England,MR Marsh,DA Warner,RJW Topley,4,0,,,,,,,,,
1317486,2022/23,2022-10-09,Perth Stadium,2,4.6,Australia,England,MR Marsh,DA Warner,RJW Topley,1,0,,,,,,,,,
1317486,2022/23,2022-10-09,Perth Stadium,2,5.1,Australia,England,MR Marsh,DA Warner,SM Curran,0,0,,,,,,,,,
1317486,2022/23,2022-10-09,Perth Stadium,2,5.2,Australia,England,MR Marsh,DA Warner,SM Curran,4,0,,,,,,,,,
1317486,2022/23,2022-10-09,Perth Stadium,2,5.3,Australia,England,MR Marsh,DA Warner,SM Curran,1,0,,,,,,,,,
1317486,2022/23,2022-10-09,Perth Stadium,2,5.4,Australia,England,DA Warner,MR Marsh,SM Curran,0,1,,,,1,,,,,
1317486,2022/23,2022-10-09,Perth Stadium,2,5.5,Australia,England,MR Marsh,DA Warner,SM Curran,2,0,,,,,,,,,
1317486,2022/23,2022-10-09,Perth Stadium,2,5.6,Australia,England,MR Marsh,DA Warner,SM Curran,2,0,,,,,,,,,
1317486,2022/23,2022-10-09,Perth Stadium,2,6.1,Australia,England,DA Warner,MR Marsh,MA Wood,0,0,,,,,,,,,
1317486,2022/23,2022-10-09,Perth Stadium,2,6.2,Australia,England,DA Warner,MR Marsh,MA Wood,1,0,,,,,,,,,
1317486,2022/23,2022-10-09,Perth Stadium,2,6.3,Australia,England,MR Marsh,DA Warner,MA Wood,6,0,,,,,,,,,
1317486,2022/23,2022-10-09,Perth Stadium,2,6.4,Australia,England,MR Marsh,DA Warner,MA Wood,0,1,1,,,,,,,,
1317486,2022/23,2022-10-09,Perth Stadium,2,6.5,Australia,England,MR Marsh,DA Warner,MA Wood,1,0,,,,,,,,,
1317486,2022/23,2022-10-09,Perth Stadium,2,6.6,Australia,England,DA Warner,MR Marsh,MA Wood,0,1,1,,,,,,,,
1317486,2022/23,2022-10-09,Perth Stadium,2,6.7,Australia,England,DA Warner,MR Marsh,MA Wood,0,0,,,,,,,,,
1317486,2022/23,2022-10-09,Perth Stadium,2,6.8,Australia,England,DA Warner,MR Marsh,MA Wood,1,0,,,,,,,,,
1317486,2022/23,2022-10-09,Perth Stadium,2,7.1,Australia,England,DA Warner,MR Marsh,SM Curran,1,0,,,,,,,,,
1317486,2022/23,2022-10-09,Perth Stadium,2,7.2,Australia,England,MR Marsh,DA Warner,SM Curran,0,0,,,,,,,,,
1317486,2022/23,2022-10-09,Perth Stadium,2,7.3,Australia,England,MR Marsh,DA Warner,SM Curran,1,0,,,,,,,,,
1317486,2022/23,2022-10-09,Perth Stadium,2,7.4,Australia,England,DA Warner,MR Marsh,SM Curran,0,1,1,,,,,,,,
1317486,2022/23,2022-10-09,Perth Stadium,2,7.5,Australia,England,DA Warner,MR Marsh,SM Curran,0,0,,,,,,,,,
1317486,2022/23,2022-10-09,Perth Stadium,2,7.6,Australia,England,DA Warner,MR Marsh,SM Curran,1,0,,,,,,,,,
1317486,2022/23,2022-10-09,Perth Stadium,2,7.7,Australia,England,MR Marsh,DA Warner,SM Curran,2,0,,,,,,,,,
1317486,2022/23,2022-10-09,Perth Stadium,2,8.1,Australia,England,DA Warner,MR Marsh,AU Rashid,6,0,,,,,,,,,
1317486,2022/23,2022-10-09,Perth Stadium,2,8.2,Australia,England,DA Warner,MR Marsh,AU Rashid,1,0,,,,,,,,,
1317486,2022/23,2022-10-09,Perth Stadium,2,8.3,Australia,England,MR Marsh,DA Warner,AU Rashid,0,0,,,,,,bowled,MR Marsh,,
1317486,2022/23,2022-10-09,Perth Stadium,2,8.4,Australia,England,AJ Finch,DA Warner,AU Rashid,1,0,,,,,,,,,
1317486,2022/23,2022-10-09,Perth Stadium,2,8.5,Australia,England,DA Warner,AJ Finch,AU Rashid,1,0,,,,,,,,,
1317486,2022/23,2022-10-09,Perth Stadium,2,8.6,Australia,England,AJ Finch,DA Warner,AU Rashid,1,0,,,,,,,,,
1317486,2022/23,2022-10-09,Perth Stadium,2,9.1,Australia,England,AJ Finch,DA Warner,BA Stokes,0,1,1,,,,,,,,
1317486,2022/23,2022-10-09,Perth Stadium,2,9.2,Australia,England,AJ Finch,DA Warner,BA Stokes,1,0,,,,,,,,,
1317486,2022/23,2022-10-09,Perth Stadium,2,9.3,Australia,England,DA Warner,AJ Finch,BA Stokes,1,0,,,,,,,,,
1317486,2022/23,2022-10-09,Perth Stadium,2,9.4,Australia,England,AJ Finch,DA Warner,BA Stokes,1,0,,,,,,,,,
1317486,2022/23,2022-10-09,Perth Stadium,2,9.5,Australia,England,DA Warner,AJ Finch,BA Stokes,1,0,,,,,,,,,
1317486,2022/23,2022-10-09,Perth Stadium,2,9.6,Australia,England,AJ Finch,DA Warner,BA Stokes,1,0,,,,,,,,,
1317486,2022/23,2022-10-09,Perth Stadium,2,9.7,Australia,England,DA Warner,AJ Finch,BA Stokes,1,0,,,,,,,,,
1317486,2022/23,2022-10-09,Perth Stadium,2,10.1,Australia,England,DA Warner,AJ Finch,AU Rashid,1,0,,,,,,,,,
1317486,2022/23,2022-10-09,Perth Stadium,2,10.2,Australia,England,AJ Finch,DA Warner,AU Rashid,0,1,1,,,,,,,,
1317486,2022/23,2022-10-09,Perth Stadium,2,10.3,Australia,England,AJ Finch,DA Warner,AU Rashid,6,0,,,,,,,,,
1317486,2022/23,2022-10-09,Perth Stadium,2,10.4,Australia,England,AJ Finch,DA Warner,AU Rashid,1,0,,,,,,run out,AJ Finch,,
1317486,2022/23,2022-10-09,Perth Stadium,2,10.5,Australia,England,MP Stoinis,DA Warner,AU Rashid,1,0,,,,,,,,,
1317486,2022/23,2022-10-09,Perth Stadium,2,10.6,Australia,England,DA Warner,MP Stoinis,AU Rashid,4,0,,,,,,,,,
1317486,2022/23,2022-10-09,Perth Stadium,2,10.7,Australia,England,DA Warner,MP Stoinis,AU Rashid,1,0,,,,,,,,,
1317486,2022/23,2022-10-09,Perth Stadium,2,11.1,Australia,England,DA Warner,MP Stoinis,BA Stokes,1,0,,,,,,,,,
1317486,2022/23,2022-10-09,Perth Stadium,2,11.2,Australia,England,MP Stoinis,DA Warner,BA Stokes,2,0,,,,,,,,,
1317486,2022/23,2022-10-09,Perth Stadium,2,11.3,Australia,England,MP Stoinis,DA Warner,BA Stokes,4,0,,,,,,,,,
1317486,2022/23,2022-10-09,Perth Stadium,2,11.4,Australia,England,MP Stoinis,DA Warner,BA Stokes,0,1,1,,,,,,,,
1317486,2022/23,2022-10-09,Perth Stadium,2,11.5,Australia,England,MP Stoinis,DA Warner,BA Stokes,1,0,,,,,,,,,
1317486,2022/23,2022-10-09,Perth Stadium,2,11.6,Australia,England,DA Warner,MP Stoinis,BA Stokes,1,0,,,,,,,,,
1317486,2022/23,2022-10-09,Perth Stadium,2,11.7,Australia,England,MP Stoinis,DA Warner,BA Stokes,1,0,,,,,,,,,
1317486,2022/23,2022-10-09,Perth Stadium,2,12.1,Australia,England,MP Stoinis,DA Warner,AU Rashid,1,0,,,,,,,,,
1317486,2022/23,2022-10-09,Perth Stadium,2,12.2,Australia,England,DA Warner,MP Stoinis,AU Rashid,1,0,,,,,,,,,
1317486,2022/23,2022-10-09,Perth Stadium,2,12.3,Australia,England,MP Stoinis,DA Warner,AU Rashid,6,0,,,,,,,,,
1317486,2022/23,2022-10-09,Perth Stadium,2,12.4,Australia,England,MP Stoinis,DA Warner,AU Rashid,1,0,,,,,,,,,
1317486,2022/23,2022-10-09,Perth Stadium,2,12.5,Australia,England,DA Warner,MP Stoinis,AU Rashid,1,0,,,,,,,,,
1317486,2022/23,2022-10-09,Perth Stadium,2,12.6,Australia,England,MP Stoinis,DA Warner,AU Rashid,6,0,,,,,,,,,
1317486,2022/23,2022-10-09,Perth Stadium,2,13.1,Australia,England,DA Warner,MP Stoinis,RJW Topley,1,0,,,,,,,,,
1317486,2022/23,2022-10-09,Perth Stadium,2,13.2,Australia,England,MP Stoinis,DA Warner,RJW Topley,4,0,,,,,,,,,
1317486,2022/23,2022-10-09,Perth Stadium,2,13.3,Australia,England,MP Stoinis,DA Warner,RJW Topley,1,0,,,,,,,,,
1317486,2022/23,2022-10-09,Perth Stadium,2,13.4,Australia,England,DA Warner,MP Stoinis,RJW Topley,0,1,1,,,,,,,,
1317486,2022/23,2022-10-09,Perth Stadium,2,13.5,Australia,England,DA Warner,MP Stoinis,RJW Topley,1,0,,,,,,,,,
1317486,2022/23,2022-10-09,Perth Stadium,2,13.6,Australia,England,MP Stoinis,DA Warner,RJW Topley,1,0,,,,,,,,,
1317486,2022/23,2022-10-09,Perth Stadium,2,13.7,Australia,England,DA Warner,MP Stoinis,RJW Topley,0,1,1,,,,,,,,
1317486,2022/23,2022-10-09,Perth Stadium,2,13.8,Australia,England,DA Warner,MP Stoinis,RJW Topley,4,0,,,,,,,,,
1317486,2022/23,2022-10-09,Perth Stadium,2,14.1,Australia,England,MP Stoinis,DA Warner,MA Wood,6,0,,,,,,,,,
1317486,2022/23,2022-10-09,Perth Stadium,2,14.2,Australia,England,MP Stoinis,DA Warner,MA Wood,0,0,,,,,,,,,
1317486,2022/23,2022-10-09,Perth Stadium,2,14.3,Australia,England,MP Stoinis,DA Warner,MA Wood,0,0,,,,,,caught,MP Stoinis,,
1317486,2022/23,2022-10-09,Perth Stadium,2,14.4,Australia,England,TH David,DA Warner,MA Wood,0,0,,,,,,,,,
1317486,2022/23,2022-10-09,Perth Stadium,2,14.5,Australia,England,TH David,DA Warner,MA Wood,0,0,,,,,,,,,
1317486,2022/23,2022-10-09,Perth Stadium,2,14.6,Australia,England,TH David,DA Warner,MA Wood,0,0,,,,,,caught,TH David,,
1317486,2022/23,2022-10-09,Perth Stadium,2,15.1,Australia,England,DA Warner,MS Wade,MM Ali,0,0,,,,,,,,,
1317486,2022/23,2022-10-09,Perth Stadium,2,15.2,Australia,England,DA Warner,MS Wade,MM Ali,4,0,,,,,,,,,
1317486,2022/23,2022-10-09,Perth Stadium,2,15.3,Australia,England,DA Warner,MS Wade,MM Ali,2,0,,,,,,,,,
1317486,2022/23,2022-10-09,Perth Stadium,2,15.4,Australia,England,DA Warner,MS Wade,MM Ali,4,0,,,,,,,,,
1317486,2022/23,2022-10-09,Perth Stadium,2,15.5,Australia,England,DA Warner,MS Wade,MM Ali,1,0,,,,,,,,,
1317486,2022/23,2022-10-09,Perth Stadium,2,15.6,Australia,England,MS Wade,DA Warner,MM Ali,0,0,,,,,,,,,
1317486,2022/23,2022-10-09,Perth Stadium,2,16.1,Australia,England,DA Warner,MS Wade,MA Wood,1,0,,,,,,,,,
1317486,2022/23,2022-10-09,Perth Stadium,2,16.2,Australia,England,MS Wade,DA Warner,MA Wood,0,0,,,,,,,,,
1317486,2022/23,2022-10-09,Perth Stadium,2,16.3,Australia,England,MS Wade,DA Warner,MA Wood,0,0,,,,,,,,,
1317486,2022/23,2022-10-09,Perth Stadium,2,16.4,Australia,England,MS Wade,DA Warner,MA Wood,2,0,,,,,,,,,
1317486,2022/23,2022-10-09,Perth Stadium,2,16.5,Australia,England,MS Wade,DA Warner,MA Wood,1,0,,,,,,,,,
1317486,2022/23,2022-10-09,Perth Stadium,2,16.6,Australia,England,DA Warner,MS Wade,MA Wood,0,0,,,,,,caught,DA Warner,,
1317486,2022/23,2022-10-09,Perth Stadium,2,17.1,Australia,England,MS Wade,DR Sams,SM Curran,2,0,,,,,,,,,
1317486,2022/23,2022-10-09,Perth Stadium,2,17.2,Australia,England,MS Wade,DR Sams,SM Curran,2,0,,,,,,,,,
1317486,2022/23,2022-10-09,Perth Stadium,2,17.3,Australia,England,MS Wade,DR Sams,SM Curran,1,0,,,,,,,,,
1317486,2022/23,2022-10-09,Perth Stadium,2,17.4,Australia,England,DR Sams,MS Wade,SM Curran,1,0,,,,,,,,,
1317486,2022/23,2022-10-09,Perth Stadium,2,17.5,Australia,England,MS Wade,DR Sams,SM Curran,2,0,,,,,,,,,
1317486,2022/23,2022-10-09,Perth Stadium,2,17.6,Australia,England,MS Wade,DR Sams,SM Curran,6,0,,,,,,,,,
1317486,2022/23,2022-10-09,Perth Stadium,2,18.1,Australia,England,DR Sams,MS Wade,RJW Topley,1,0,,,,,,,,,
1317486,2022/23,2022-10-09,Perth Stadium,2,18.2,Australia,England,MS Wade,DR Sams,RJW Topley,0,0,,,,,,,,,
1317486,2022/23,2022-10-09,Perth Stadium,2,18.3,Australia,England,MS Wade,DR Sams,RJW Topley,1,0,,,,,,,,,
1317486,2022/23,2022-10-09,Perth Stadium,2,18.4,Australia,England,DR Sams,MS Wade,RJW Topley,4,0,,,,,,,,,
1317486,2022/23,2022-10-09,Perth Stadium,2,18.5,Australia,England,DR Sams,MS Wade,RJW Topley,0,0,,,,,,caught,DR Sams,,
1317486,2022/23,2022-10-09,Perth Stadium,2,18.6,Australia,England,NT Ellis,MS Wade,RJW Topley,0,0,,,,,,,,,
1317486,2022/23,2022-10-09,Perth Stadium,2,19.1,Australia,England,MS Wade,NT Ellis,SM Curran,4,0,,,,,,,,,
1317486,2022/23,2022-10-09,Perth Stadium,2,19.2,Australia,England,MS Wade,NT Ellis,SM Curran,0,0,,,,,,,,,
1317486,2022/23,2022-10-09,Perth Stadium,2,19.3,Australia,England,MS Wade,NT Ellis,SM Curran,0,0,,,,,,caught,MS Wade,,
1317486,2022/23,2022-10-09,Perth Stadium,2,19.4,Australia,England,KW Richardson,NT Ellis,SM Curran,0,1,,,,1,,,,,
1317486,2022/23,2022-10-09,Perth Stadium,2,19.5,Australia,England,NT Ellis,KW Richardson,SM Curran,0,0,,,,,,bowled,NT Ellis,,
1317486,2022/23,2022-10-09,Perth Stadium,2,19.6,Australia,England,MJ Swepson,KW Richardson,SM Curran,2,0,,,,,,,,,
